source_name;source_uniprotAC;source_speciesID;source_species;source_topology;source_pathways;target_name;target_uniprotAC;target_speciesID;target_species;target_topology;target_pathways;layer;interaction_type;directness;effect;references;source;confidence_score;score_from_the_source
sgg;P18431;FBgn0003371;D. melanogaster;Mediator,Co-factor;RTK(core),Hedgehog(core),WNT/Wingless(core);arm;P18824;FBgn0000117;D. melanogaster;;WNT/Wingless(core);Interaction between pathway members;PPI directed;direct;stimulation;9187151|10924470|9630748|10581282|12559488|10924470|9630748|10581282|12559488|20542890|21071413;Signalink 2.0 (manual curation)(url: http://signalink.org ,pmid: 20542890), Biogrid(url: http://thebiogrid.org/ ,pmid: http://thebiogrid.org/);GO Semantic Similarity: 0.28335;
slmb;Q9VDE3;FBgn0023423;D. melanogaster;Co-factor;Hedgehog(non-core),WNT/Wingless(non-core);arm;P18824;FBgn0000117;D. melanogaster;;WNT/Wingless(core);Interaction between pathway members;PPI directed;direct;stimulation;9461217|20542890;Signalink 2.0 (manual curation)(url: http://signalink.org ,pmid: 20542890);GO Semantic Similarity: 0.253908;
pan;P91943;FBgn0085432;D. melanogaster;Mediator,Transcription factor;WNT/Wingless(core);gro;P16371;FBgn0001139;D. melanogaster;Co-factor,Transcription factor;Notch(non-core),TGF(non-core),WNT/Wingless(non-core);Interaction between pathway members;PPI directed;indirect;stimulation;9783586|9783586|17113388|20542890|21071413;Signalink 2.0 (manual curation)(url: http://signalink.org ,pmid: 20542890), Biogrid(url: http://thebiogrid.org/ ,pmid: http://thebiogrid.org/);GO Semantic Similarity: 0.190883, GO Semantic Similarity: 0.190883;
RanBP3;Q9VCI7;FBgn0039110;D. melanogaster;Co-factor;WNT/Wingless(non-core);arm;P18824;FBgn0000117;D. melanogaster;;WNT/Wingless(core);Interaction between pathway members;PPI directed;direct;stimulation;16314428|20542890;Signalink 2.0 (manual curation)(url: http://signalink.org ,pmid: 20542890);GO Semantic Similarity: 0.242699;
daw;Q9VQG9;FBgn0031461;D. melanogaster;Ligand ;TGF(core);babo;Q7YU60;FBgn0011300;D. melanogaster;Receptor;TGF(core);Interaction between pathway members;PPI directed;direct;stimulation;17119022|20542890;Signalink 2.0 (manual curation)(url: http://signalink.org ,pmid: 20542890);GO Semantic Similarity: 0.190883;
babo;Q7YU60;FBgn0011300;D. melanogaster;Receptor;TGF(core);Smox;O96660;FBgn0025800;D. melanogaster;Mediator,Transcription factor;TGF(core);Interaction between pathway members;PPI directed;direct;stimulation;10357889|20542890|21036869;Signalink 2.0 (manual curation)(url: http://signalink.org ,pmid: 20542890), DROID(url: http://www.droidb.org/ ,pmid: http://www.droidb.org/);GO Semantic Similarity: 0.235168, GO Semantic Similarity: 0.235168;
wit;Q9NGX8;FBgn0024179;D. melanogaster;Receptor;TGF(core);babo;Q7YU60;FBgn0011300;D. melanogaster;Receptor;TGF(core);Interaction between pathway members;PPI directed;direct;stimulation;10357889|20542890;Signalink 2.0 (manual curation)(url: http://signalink.org ,pmid: 20542890);GO Semantic Similarity: 0.180603;
Ilp2;Q9VT51;FBgn0036046;D. melanogaster;Ligand ;RTK(core);InR;P09208;FBgn0013984;D. melanogaster;Receptor;RTK(core);Interaction between pathway members;PPI directed;direct;stimulation;11897402|11250149|21071413|20542890;Biogrid(url: http://thebiogrid.org/ ,pmid: 21071413), Signalink 2.0 (manual curation)(url: http://signalink.org ,pmid: http://signalink.org);GO Semantic Similarity: 0.355605, GO Semantic Similarity: 0.355605;
brn;Q24157;FBgn0000221;D. melanogaster;Co-factor;Notch(non-core);N;P07207;FBgn0004647;D. melanogaster;Endocytosis related ,Receptor,Transcription factor;Notch(core);Interaction between pathway members;PPI directed;indirect;stimulation;9892565|20542890;Signalink 2.0 (manual curation)(url: http://signalink.org ,pmid: 20542890);GO Semantic Similarity: 0.217242;
hep;Q23977;FBgn0010303;D. melanogaster;Mediator,Transcription factor;RTK(core);bsk;P92208;FBgn0000229;D. melanogaster;Mediator;RTK(core);Interaction between pathway members;PPI directed;direct;stimulation;16079232|20542890;Signalink 2.0 (manual curation)(url: http://signalink.org ,pmid: 20542890);GO Semantic Similarity: 0.322306, GO Semantic Similarity: 0.322306;
bib;P23645;FBgn0000180;D. melanogaster;Co-factor;Notch(non-core);N;P07207;FBgn0004647;D. melanogaster;Endocytosis related ,Receptor,Transcription factor;Notch(core);Interaction between pathway members;PPI directed;direct;stimulation;9892565|8406001|9367444|20542890|21071413;Signalink 2.0 (manual curation)(url: http://signalink.org ,pmid: 20542890), Biogrid(url: http://thebiogrid.org/ ,pmid: http://thebiogrid.org/);GO Semantic Similarity: 0.214847, GO Semantic Similarity: 0.214847;
Wnt5;P28466;FBgn0010194;D. melanogaster;Ligand ;WNT/Wingless(core);drl;Q27324;FBgn0015380;D. melanogaster;Receptor;RTK(core),WNT/Wingless(core);Interaction between pathway members;PPI directed;direct;stimulation;12660735|12660735|12660735|21036869|21071413|20542890;DROID(url: http://www.droidb.org/ ,pmid: 21036869), Biogrid(url: http://thebiogrid.org/ ,pmid: http://thebiogrid.org/), Signalink 2.0 (manual curation)(url: http://signalink.org ,pmid: http://signalink.org);GO Semantic Similarity: 0.207225;
Su(var)2-10;Q9XYM5;FBgn0003612;D. melanogaster;;JAK/STAT(non-core);Stat92E;Q24151;FBgn0016917;D. melanogaster;Transcription factor;JAK/STAT(core);Interaction between pathway members;PPI directed;direct;stimulation;12479803|11504941|11504941|20542890|21036869|21071413;Signalink 2.0 (manual curation)(url: http://signalink.org ,pmid: 20542890), DROID(url: http://www.droidb.org/ ,pmid: http://www.droidb.org/), Biogrid(url: http://thebiogrid.org/ ,pmid: http://thebiogrid.org/);GO Semantic Similarity: 0.242699;
Nak;Q95TP2;FBgn0015772;D. melanogaster;Co-factor;Notch(non-core);numb;P16554;FBgn0002973;D. melanogaster;Co-factor,Endocytosis related ;Notch(non-core);Interaction between pathway members;PPI directed;direct;stimulation;9418906|9418906|9418906|9418906|9418906|20542890|21071413;Signalink 2.0 (manual curation)(url: http://signalink.org ,pmid: 20542890), Biogrid(url: http://thebiogrid.org/ ,pmid: http://thebiogrid.org/);GO Semantic Similarity: 0.1948, GO Semantic Similarity: 0.1948;
disp;Q9VNJ5;FBgn0029088;D. melanogaster;Co-factor;Hedgehog(core);hh;Q02936;FBgn0004644;D. melanogaster;Ligand ,Transcription factor;Hedgehog(core);Interaction between pathway members;PPI directed;direct;stimulation;14556242|20542890;Signalink 2.0 (manual curation)(url: http://signalink.org ,pmid: 20542890);GO Semantic Similarity: 0.174737, GO Semantic Similarity: 0.174737;
ttv;Q9V730;FBgn0020245;D. melanogaster;Co-factor;Hedgehog(non-core);hh;Q02936;FBgn0004644;D. melanogaster;Ligand ,Transcription factor;Hedgehog(core);Interaction between pathway members;PPI directed;direct;stimulation;9665133|20542890;Signalink 2.0 (manual curation)(url: http://signalink.org ,pmid: 20542890);GO Semantic Similarity: 0.171711;
sgl;Q95SJ7;FBgn0261445;D. melanogaster;Co-factor;Hedgehog(non-core);hh;Q02936;FBgn0004644;D. melanogaster;Ligand ,Transcription factor;Hedgehog(core);Interaction between pathway members;PPI directed;direct;stimulation;10433902|20542890;Signalink 2.0 (manual curation)(url: http://signalink.org ,pmid: 20542890);;
gro;P16371;FBgn0001139;D. melanogaster;Co-factor,Transcription factor;Notch(non-core),TGF(non-core),WNT/Wingless(non-core);run;P22814;FBgn0003300;D. melanogaster;Transcription factor;TGF(non-core);Interaction between pathway members;PPI directed;direct;stimulation;9271433|12145660|9371806|21036869|21071413|20542890;DROID(url: http://www.droidb.org/ ,pmid: 21036869), Biogrid(url: http://thebiogrid.org/ ,pmid: http://thebiogrid.org/), Signalink 2.0 (manual curation)(url: http://signalink.org ,pmid: http://signalink.org);GO Semantic Similarity: 0.190883;
drk;Q08012;FBgn0004638;D. melanogaster;Mediator;RTK(core);Sos;P26675;FBgn0001965;D. melanogaster;Mediator;RTK(core);Interaction between pathway members;PPI directed;direct;stimulation;8479541|9671493|22028469|21036869|21071413|20542890;DROID(url: http://www.droidb.org/ ,pmid: 21036869), Biogrid(url: http://thebiogrid.org/ ,pmid: http://thebiogrid.org/), Signalink 2.0 (manual curation)(url: http://signalink.org ,pmid: http://signalink.org);GO Semantic Similarity: 0.280983;
dpp;P07713;FBgn0000490;D. melanogaster;Ligand ,Transcription factor;TGF(core);tkv;Q7KTP1;FBgn0003716;D. melanogaster;Receptor;TGF(core);Interaction between pathway members;PPI directed;direct;stimulation;10357889|10022918|9827802|8044838|9056776|9735359|10022918|9827802|8044838|9056776|9735359|9827801|9827801|20542890|21036869|21071413;Signalink 2.0 (manual curation)(url: http://signalink.org ,pmid: 20542890), DROID(url: http://www.droidb.org/ ,pmid: http://www.droidb.org/), Biogrid(url: http://thebiogrid.org/ ,pmid: http://thebiogrid.org/);GO Semantic Similarity: 0.359434;
hop;Q24592;FBgn0004864;D. melanogaster;Mediator;JAK/STAT(core);Stat92E;Q24151;FBgn0016917;D. melanogaster;Transcription factor;JAK/STAT(core);Interaction between pathway members;PPI directed;direct;stimulation;12479803|9032284|8608595|8608596|8650180|12454071|10346822|9032284|8608595|8608596|8650180|12454071|10346822|21036869|20542890|21071413;DROID(url: http://www.droidb.org/ ,pmid: 21036869), Signalink 2.0 (manual curation)(url: http://signalink.org ,pmid: http://signalink.org), Biogrid(url: http://thebiogrid.org/ ,pmid: http://thebiogrid.org/);GO Semantic Similarity: 0.344523;
Socs44A;Q7JVF1;FBgn0033266;D. melanogaster;Co-factor;JAK/STAT(non-core);hop;Q24592;FBgn0004864;D. melanogaster;Mediator;JAK/STAT(core);Interaction between pathway members;PPI directed;direct;stimulation;12479803|20542890;Signalink 2.0 (manual curation)(url: http://signalink.org ,pmid: 20542890);GO Semantic Similarity: 0.242699;
Ras85D;P08646;FBgn0003205;D. melanogaster;Mediator;RTK(core);phl;P11346;FBgn0003079;D. melanogaster;Mediator;RTK(core);Interaction between pathway members;PPI directed;direct;stimulation;1461284|9389658|8722784|11063697|11014822|9389658|8722784|11063697|11014822|15710747|21036869|20542890|21071413;DROID(url: http://www.droidb.org/ ,pmid: 21036869), Signalink 2.0 (manual curation)(url: http://signalink.org ,pmid: http://signalink.org), Biogrid(url: http://thebiogrid.org/ ,pmid: http://thebiogrid.org/);GO Semantic Similarity: 0.355396;
numb;P16554;FBgn0002973;D. melanogaster;Co-factor,Endocytosis related ;Notch(non-core);N;P07207;FBgn0004647;D. melanogaster;Endocytosis related ,Receptor,Transcription factor;Notch(core);Interaction between pathway members;PPI directed;direct;stimulation;9892565|8755476|10331986|12756185|8876239|8755476|10331986|12756185|8876239|20542890|21071413;Signalink 2.0 (manual curation)(url: http://signalink.org ,pmid: 20542890), Biogrid(url: http://thebiogrid.org/ ,pmid: http://thebiogrid.org/);GO Semantic Similarity: 0.311522;
Psn;O02194;FBgn0019947;D. melanogaster;Receptor;Notch(core);N;P07207;FBgn0004647;D. melanogaster;Endocytosis related ,Receptor,Transcription factor;Notch(core);Interaction between pathway members;PPI directed;direct;stimulation;12651094|10493744|10491396|11134525|10903180|10493744|10491396|11134525|10903180|20542890|21071413;Signalink 2.0 (manual curation)(url: http://signalink.org ,pmid: 20542890), Biogrid(url: http://thebiogrid.org/ ,pmid: http://thebiogrid.org/);GO Semantic Similarity: 0.207225, GO Semantic Similarity: 0.207225;
Su(dx);Q9Y0H4;FBgn0003557;D. melanogaster;Co-factor,Endocytosis related ;Notch(non-core);N;P07207;FBgn0004647;D. melanogaster;Endocytosis related ,Receptor,Transcription factor;Notch(core);Interaction between pathway members;PPI directed;direct;stimulation;15790962|9832525|10353900|8150285|12648496|12648496|9832525|15620650|21036869|20542890|21071413;DROID(url: http://www.droidb.org/ ,pmid: 21036869), Signalink 2.0 (manual curation)(url: http://signalink.org ,pmid: http://signalink.org), Biogrid(url: http://thebiogrid.org/ ,pmid: http://thebiogrid.org/);GO Semantic Similarity: 0.2876;
neur;P29503;FBgn0002932;D. melanogaster;Endocytosis related ;Notch(non-core);Dl;P10041;FBgn0000463;D. melanogaster;Endocytosis related ,Co-factor,Transcription factor;Notch(core);Interaction between pathway members;PPI directed;direct;stimulation;12852858|11180964|21071413|20542890;Biogrid(url: http://thebiogrid.org/ ,pmid: 21071413), Signalink 2.0 (manual curation)(url: http://signalink.org ,pmid: http://signalink.org);GO Semantic Similarity: 0.304016;
mib1;Q9VUX2;FBgn0263601;D. melanogaster;Co-factor,Endocytosis related ,Transcription factor;Notch(non-core);Dl;P10041;FBgn0000463;D. melanogaster;Endocytosis related ,Co-factor,Transcription factor;Notch(core);Interaction between pathway members;PPI directed;direct;stimulation;15829515|20542890;Signalink 2.0 (manual curation)(url: http://signalink.org ,pmid: 20542890);GO Semantic Similarity: 0.174737;
fng;Q24342;FBgn0011591;D. melanogaster;Co-factor;Notch(non-core);Dl;P10041;FBgn0000463;D. melanogaster;Endocytosis related ,Co-factor,Transcription factor;Notch(core);Interaction between pathway members;PPI directed;direct;stimulation;12036964|9202123|9778511|20542890|21071413;Signalink 2.0 (manual curation)(url: http://signalink.org ,pmid: 20542890), Biogrid(url: http://thebiogrid.org/ ,pmid: http://thebiogrid.org/);GO Semantic Similarity: 0.303383;
O-fut1;Q9V6X7;FBgn0033901;D. melanogaster;Co-factor;Notch(non-core);fng;Q24342;FBgn0011591;D. melanogaster;Co-factor;Notch(non-core);Interaction between pathway members;PPI directed;direct;stimulation;15380241|20542890;Signalink 2.0 (manual curation)(url: http://signalink.org ,pmid: 20542890);GO Semantic Similarity: 0.168151;
mam;P21519;FBgn0002643;D. melanogaster;Co-factor;Notch(non-core);N;P07207;FBgn0004647;D. melanogaster;Endocytosis related ,Receptor,Transcription factor;Notch(core);Interaction between pathway members;PPI directed;direct;stimulation;11390662|2338245|12781136|9917364|8913755|10545243|2338245|12781136|9917364|8913755|10545243|20542890|21071413;Signalink 2.0 (manual curation)(url: http://signalink.org ,pmid: 20542890), Biogrid(url: http://thebiogrid.org/ ,pmid: http://thebiogrid.org/);GO Semantic Similarity: 0.2876;
InR;P09208;FBgn0013984;D. melanogaster;Receptor;RTK(core);chico;Q9XTN2;FBgn0024248;D. melanogaster;Mediator;RTK(core);Interaction between pathway members;PPI directed;direct;stimulation;11943559|10399915|17956857|10455177|10399915|22068330|17956857|22028469|20542890|21036869|21071413;Signalink 2.0 (manual curation)(url: http://signalink.org ,pmid: 20542890), DROID(url: http://www.droidb.org/ ,pmid: http://www.droidb.org/), Biogrid(url: http://thebiogrid.org/ ,pmid: http://thebiogrid.org/);GO Semantic Similarity: 0.320206, GO Semantic Similarity: 0.320206;
Pdk1;Q9W0V1;FBgn0020386;D. melanogaster;Mediator;RTK(core);Akt1;Q8INB9;FBgn0010379;D. melanogaster;Co-factor;RTK(core);Interaction between pathway members;PPI directed;direct;stimulation;11943559|11752451|11344272|11752451|11344272|20542890|21071413;Signalink 2.0 (manual curation)(url: http://signalink.org ,pmid: 20542890), Biogrid(url: http://thebiogrid.org/ ,pmid: http://thebiogrid.org/);GO Semantic Similarity: 0.242699, GO Semantic Similarity: 0.242699;
wit;Q9NGX8;FBgn0024179;D. melanogaster;Receptor;TGF(core);sax;Q7JQ36;FBgn0003317;D. melanogaster;Receptor;TGF(core);Interaction between pathway members;PPI directed;direct;stimulation;10357889|20542890;Signalink 2.0 (manual curation)(url: http://signalink.org ,pmid: 20542890);GO Semantic Similarity: 0.190883;
put;Q24468;FBgn0003169;D. melanogaster;Receptor,Transcription factor;TGF(core);tkv;Q7KTP1;FBgn0003716;D. melanogaster;Receptor;TGF(core);Interaction between pathway members;PPI directed;direct;stimulation;10357889|9409686|9521913|8653785|12750335|12750335|9521913|9409686|8653785|20542890|21071413;Signalink 2.0 (manual curation)(url: http://signalink.org ,pmid: 20542890), Biogrid(url: http://thebiogrid.org/ ,pmid: http://thebiogrid.org/);GO Semantic Similarity: 0.303256, GO Semantic Similarity: 0.303256;
put;Q24468;FBgn0003169;D. melanogaster;Receptor,Transcription factor;TGF(core);sax;Q7JQ36;FBgn0003317;D. melanogaster;Receptor;TGF(core);Interaction between pathway members;PPI directed;direct;stimulation;10357889|20542890;Signalink 2.0 (manual curation)(url: http://signalink.org ,pmid: 20542890);GO Semantic Similarity: 0.267812;
Snoo;A0PDV0;FBgn0085450;D. melanogaster;;TGF(non-core);Med;Q9U010;FBgn0011655;D. melanogaster;Mediator;TGF(core);Interaction between pathway members;PPI directed;indirect;stimulation;16951053|20542890;Signalink 2.0 (manual curation)(url: http://signalink.org ,pmid: 20542890);GO Semantic Similarity: 0.223133;
sax;Q7JQ36;FBgn0003317;D. melanogaster;Receptor;TGF(core);Mad;P42003;FBgn0011648;D. melanogaster;Mediator,Transcription factor;TGF(core);Interaction between pathway members;PPI directed;direct;stimulation;10357889|9521913|9502733|10075933|20542890|21071413;Signalink 2.0 (manual curation)(url: http://signalink.org ,pmid: 20542890), Biogrid(url: http://thebiogrid.org/ ,pmid: http://thebiogrid.org/);GO Semantic Similarity: 0.308959;
tkv;Q7KTP1;FBgn0003716;D. melanogaster;Receptor;TGF(core);Mad;P42003;FBgn0011648;D. melanogaster;Mediator,Transcription factor;TGF(core);Interaction between pathway members;PPI directed;direct;stimulation;10357889|9521913|9502733|8653785|8681796|8681796|8681796|20542890|21036869|21071413;Signalink 2.0 (manual curation)(url: http://signalink.org ,pmid: 20542890), DROID(url: http://www.droidb.org/ ,pmid: http://www.droidb.org/), Biogrid(url: http://thebiogrid.org/ ,pmid: http://thebiogrid.org/);GO Semantic Similarity: 0.328551, GO Semantic Similarity: 0.328551;
hyx;Q9VHI1;FBgn0037657;D. melanogaster;;WNT/Wingless(non-core);arm;P18824;FBgn0000117;D. melanogaster;;WNT/Wingless(core);Interaction between pathway members;PPI directed;direct;stimulation;16630820|20542890;Signalink 2.0 (manual curation)(url: http://signalink.org ,pmid: 20542890);GO Semantic Similarity: 0.253908;
Cby;Q4V6B6;FBgn0067317;D. melanogaster;Co-factor;WNT/Wingless(non-core);arm;P18824;FBgn0000117;D. melanogaster;;WNT/Wingless(core);Interaction between pathway members;PPI directed;direct;stimulation;12712206|20542890;Signalink 2.0 (manual curation)(url: http://signalink.org ,pmid: 20542890);;
Shc;Q9V3C8;FBgn0015296;D. melanogaster;Mediator;RTK(core);drk;Q08012;FBgn0004638;D. melanogaster;Mediator;RTK(core);Interaction between pathway members;PPI directed;direct;stimulation;7509037|20542890;Signalink 2.0 (manual curation)(url: http://signalink.org ,pmid: 20542890);GO Semantic Similarity: 0.174263;
grk;P42287;FBgn0001137;D. melanogaster;Ligand ;RTK(core);Egfr;P04412;FBgn0003731;D. melanogaster;Receptor;RTK(core);Interaction between pathway members;PPI directed;direct;stimulation;12169630|21036869|20542890;DROID(url: http://www.droidb.org/ ,pmid: 21036869), Signalink 2.0 (manual curation)(url: http://signalink.org ,pmid: http://signalink.org);GO Semantic Similarity: 0.386513;
spi;Q01083;FBgn0005672;D. melanogaster;Ligand ;RTK(core);Egfr;P04412;FBgn0003731;D. melanogaster;Receptor;RTK(core);Interaction between pathway members;PPI directed;direct;stimulation;12169630|7833285|7833286|8929534|9570772|7833285|7833286|8929534|9570772|20542890|21071413;Signalink 2.0 (manual curation)(url: http://signalink.org ,pmid: 20542890), Biogrid(url: http://thebiogrid.org/ ,pmid: http://thebiogrid.org/);GO Semantic Similarity: 0.357077, GO Semantic Similarity: 0.357077;
Krn;Q9VVJ6;FBgn0052179;D. melanogaster;Ligand ;RTK(core);Egfr;P04412;FBgn0003731;D. melanogaster;Receptor;RTK(core);Interaction between pathway members;PPI directed;direct;stimulation;12169630|12169631|21071413|20542890;Biogrid(url: http://thebiogrid.org/ ,pmid: 21071413), Signalink 2.0 (manual curation)(url: http://signalink.org ,pmid: http://signalink.org);GO Semantic Similarity: 0.249985, GO Semantic Similarity: 0.249985;
rho;P20350;FBgn0004635;D. melanogaster;Co-factor;RTK(non-core);spi;Q01083;FBgn0005672;D. melanogaster;Ligand ;RTK(core);Interaction between pathway members;PPI directed;direct;stimulation;10652272|9814706|10331978|10570464|7833286|15616571|11672524|11672525|21036869|20542890|21071413;DROID(url: http://www.droidb.org/ ,pmid: 21036869), Signalink 2.0 (manual curation)(url: http://signalink.org ,pmid: http://signalink.org), Biogrid(url: http://thebiogrid.org/ ,pmid: http://thebiogrid.org/);GO Semantic Similarity: 0.308959;
star1;Q9VVQ1;FBgn0036790;D. melanogaster;Receptor;RTK(non-core);spi;Q01083;FBgn0005672;D. melanogaster;Ligand ;RTK(core);Interaction between pathway members;PPI directed;direct;stimulation;10652272|20542890;Signalink 2.0 (manual curation)(url: http://signalink.org ,pmid: 20542890);;
ru;Q9W0F8;FBgn0003295;D. melanogaster;Co-factor;RTK(non-core);spi;Q01083;FBgn0005672;D. melanogaster;Ligand ;RTK(core);Interaction between pathway members;PPI directed;direct;stimulation;10887159|20542890|21036869;Signalink 2.0 (manual curation)(url: http://signalink.org ,pmid: 20542890), DROID(url: http://www.droidb.org/ ,pmid: http://www.droidb.org/);GO Semantic Similarity: 0.280678;
ru;Q9W0F8;FBgn0003295;D. melanogaster;Co-factor;RTK(non-core);grk;P42287;FBgn0001137;D. melanogaster;Ligand ;RTK(core);Interaction between pathway members;PPI directed;direct;stimulation;11023685|20542890;Signalink 2.0 (manual curation)(url: http://signalink.org ,pmid: 20542890);GO Semantic Similarity: 0.174737, GO Semantic Similarity: 0.174737;
aos;Q00805;FBgn0004569;D. melanogaster;Co-factor;RTK(non-core);spi;Q01083;FBgn0005672;D. melanogaster;Ligand ;RTK(core);Interaction between pathway members;PPI directed;direct;stimulation;16123311|15329724|21036869|20542890;DROID(url: http://www.droidb.org/ ,pmid: 21036869), Signalink 2.0 (manual curation)(url: http://signalink.org ,pmid: http://signalink.org);GO Semantic Similarity: 0.285029;
sty;O44783;FBgn0014388;D. melanogaster;Co-factor;RTK(non-core);Cbl;O46034;FBgn0020224;D. melanogaster;Co-factor;RTK(non-core);Interaction between pathway members;PPI directed;direct;stimulation;11053437|11053437|11053437|20542890|21036869;Signalink 2.0 (manual curation)(url: http://signalink.org ,pmid: 20542890), DROID(url: http://www.droidb.org/ ,pmid: http://www.droidb.org/);GO Semantic Similarity: 0.280678, GO Semantic Similarity: 0.280678;
csw;P29349;FBgn0000382;D. melanogaster;Co-factor;RTK(non-core);sty;O44783;FBgn0014388;D. melanogaster;Co-factor;RTK(non-core);Interaction between pathway members;PPI directed;direct;stimulation;16123311|20542890;Signalink 2.0 (manual curation)(url: http://signalink.org ,pmid: 20542890);GO Semantic Similarity: 0.31443;
vn;Q59E20;FBgn0003984;D. melanogaster;Ligand ;RTK(core);Egfr;P04412;FBgn0003731;D. melanogaster;Receptor;RTK(core);Interaction between pathway members;PPI directed;direct;stimulation;12648473|8824589|9806926|1980740|9383058|10349622|10331978|8824589|9806926|1980740|9383058|10349622|10331978|20542890|21071413;Signalink 2.0 (manual curation)(url: http://signalink.org ,pmid: 20542890), Biogrid(url: http://thebiogrid.org/ ,pmid: http://thebiogrid.org/);;
aos;Q00805;FBgn0004569;D. melanogaster;Co-factor;RTK(non-core);Egfr;P04412;FBgn0003731;D. melanogaster;Receptor;RTK(core);Interaction between pathway members;PPI directed;direct;stimulation;12648473|9882502|11944933|9882502|11944933|20542890|21071413;Signalink 2.0 (manual curation)(url: http://signalink.org ,pmid: 20542890), Biogrid(url: http://thebiogrid.org/ ,pmid: http://thebiogrid.org/);GO Semantic Similarity: 0.311522;
wg;P09615;FBgn0004009;D. melanogaster;Ligand ,Transcription factor;WNT/Wingless(core);fz;P18537;FBgn0001085;D. melanogaster;Receptor;WNT/Wingless(core);Interaction between pathway members;PPI directed;indirect;unknown;9671581|10556068|9875855|9716412|11301004|9153394|9671581|10996794|20542890|21071413;Signalink 2.0 (manual curation)(url: http://signalink.org ,pmid: 20542890), Biogrid(url: http://thebiogrid.org/ ,pmid: http://thebiogrid.org/);GO Semantic Similarity: 0.308959;
Wnt4;P40589;FBgn0010453;D. melanogaster;Ligand ;WNT/Wingless(core);fz;P18537;FBgn0001085;D. melanogaster;Receptor;WNT/Wingless(core);Interaction between pathway members;PPI directed;direct;stimulation;12205098|20542890;Signalink 2.0 (manual curation)(url: http://signalink.org ,pmid: 20542890);GO Semantic Similarity: 0.285986;
Wnt4;P40589;FBgn0010453;D. melanogaster;Ligand ;WNT/Wingless(core);fz2;Q9VVX3;FBgn0016797;D. melanogaster;Receptor;WNT/Wingless(core);Interaction between pathway members;PPI directed;direct;stimulation;12205098|20542890;Signalink 2.0 (manual curation)(url: http://signalink.org ,pmid: 20542890);GO Semantic Similarity: 0.285986;
wg;P09615;FBgn0004009;D. melanogaster;Ligand ,Transcription factor;WNT/Wingless(core);fz3;O77438;FBgn0027343;D. melanogaster;Receptor;WNT/Wingless(core);Interaction between pathway members;PPI directed;direct;stimulation;12205098|10498678|21036869|21071413|20542890;DROID(url: http://www.droidb.org/ ,pmid: 21036869), Biogrid(url: http://thebiogrid.org/ ,pmid: http://thebiogrid.org/), Signalink 2.0 (manual curation)(url: http://signalink.org ,pmid: http://signalink.org);GO Semantic Similarity: 0.235168;
Wnt2;P28465;FBgn0004360;D. melanogaster;Ligand ;WNT/Wingless(core);fz3;O77438;FBgn0027343;D. melanogaster;Receptor;WNT/Wingless(core);Interaction between pathway members;PPI directed;direct;stimulation;12205098|21036869|20542890;DROID(url: http://www.droidb.org/ ,pmid: 21036869), Signalink 2.0 (manual curation)(url: http://signalink.org ,pmid: http://signalink.org);GO Semantic Similarity: 0.180603, GO Semantic Similarity: 0.180603;
Wnt4;P40589;FBgn0010453;D. melanogaster;Ligand ;WNT/Wingless(core);fz4;Q9NBW1;FBgn0027342;D. melanogaster;Receptor;WNT/Wingless(core);Interaction between pathway members;PPI directed;direct;stimulation;12205098|20542890;Signalink 2.0 (manual curation)(url: http://signalink.org ,pmid: 20542890);GO Semantic Similarity: 0.207225;
arm;P18824;FBgn0000117;D. melanogaster;;WNT/Wingless(core);tsh;P22265;FBgn0003866;D. melanogaster;Co-factor,Transcription factor;WNT/Wingless(non-core);Interaction between pathway members;PPI directed;direct;stimulation;10205174|9707400|10924470|12183379|10545232|21036869|20542890|21071413;DROID(url: http://www.droidb.org/ ,pmid: 21036869), Signalink 2.0 (manual curation)(url: http://signalink.org ,pmid: http://signalink.org), Biogrid(url: http://thebiogrid.org/ ,pmid: http://thebiogrid.org/);GO Semantic Similarity: 0.304016;
Actbeta;O61643;FBgn0024913;D. melanogaster;Ligand ;TGF(core);babo;Q7YU60;FBgn0011300;D. melanogaster;Receptor;TGF(core);Interaction between pathway members;PPI directed;direct;stimulation;10357889|20542890;Signalink 2.0 (manual curation)(url: http://signalink.org ,pmid: 20542890);GO Semantic Similarity: 0.190883;
Actbeta;O61643;FBgn0024913;D. melanogaster;Ligand ;TGF(core);put;Q24468;FBgn0003169;D. melanogaster;Receptor,Transcription factor;TGF(core);Interaction between pathway members;PPI directed;direct;stimulation;10357889|20542890;Signalink 2.0 (manual curation)(url: http://signalink.org ,pmid: 20542890);GO Semantic Similarity: 0.190883;
put;Q24468;FBgn0003169;D. melanogaster;Receptor,Transcription factor;TGF(core);babo;Q7YU60;FBgn0011300;D. melanogaster;Receptor;TGF(core);Interaction between pathway members;PPI directed;direct;stimulation;10357889|8289834|8289834|8289834|8289834|8289834|21071413|20542890|21036869;Biogrid(url: http://thebiogrid.org/ ,pmid: 21071413), Signalink 2.0 (manual curation)(url: http://signalink.org ,pmid: http://signalink.org), DROID(url: http://www.droidb.org/ ,pmid: http://www.droidb.org/);GO Semantic Similarity: 0.1948;
stck;Q8INR0;FBgn0020249;D. melanogaster;Receptor;TGF(core);sax;Q7JQ36;FBgn0003317;D. melanogaster;Receptor;TGF(core);Interaction between pathway members;PPI directed;direct;stimulation;10357889|20542890;Signalink 2.0 (manual curation)(url: http://signalink.org ,pmid: 20542890);GO Semantic Similarity: 0.267812;
stck;Q8INR0;FBgn0020249;D. melanogaster;Receptor;TGF(core);tkv;Q7KTP1;FBgn0003716;D. melanogaster;Receptor;TGF(core);Interaction between pathway members;PPI directed;direct;stimulation;10357889|20542890;Signalink 2.0 (manual curation)(url: http://signalink.org ,pmid: 20542890);GO Semantic Similarity: 0.242699;
stck;Q8INR0;FBgn0020249;D. melanogaster;Receptor;TGF(core);babo;Q7YU60;FBgn0011300;D. melanogaster;Receptor;TGF(core);Interaction between pathway members;PPI directed;direct;stimulation;10357889|20542890;Signalink 2.0 (manual curation)(url: http://signalink.org ,pmid: 20542890);GO Semantic Similarity: 0.180603;
gbb;P27091;FBgn0024234;D. melanogaster;Ligand ;TGF(core);sax;Q7JQ36;FBgn0003317;D. melanogaster;Receptor;TGF(core);Interaction between pathway members;PPI directed;direct;stimulation;9636086|9636086|9735359|20542890|21071413;Signalink 2.0 (manual curation)(url: http://signalink.org ,pmid: 20542890), Biogrid(url: http://thebiogrid.org/ ,pmid: http://thebiogrid.org/);GO Semantic Similarity: 0.285986;
gbb;P27091;FBgn0024234;D. melanogaster;Ligand ;TGF(core);tkv;Q7KTP1;FBgn0003716;D. melanogaster;Receptor;TGF(core);Interaction between pathway members;PPI directed;direct;stimulation;9636086|9521913|9636086|9735359|9521913|9636086|9735359|20542890|21071413;Signalink 2.0 (manual curation)(url: http://signalink.org ,pmid: 20542890), Biogrid(url: http://thebiogrid.org/ ,pmid: http://thebiogrid.org/);GO Semantic Similarity: 0.294204, GO Semantic Similarity: 0.294204;
put;Q24468;FBgn0003169;D. melanogaster;Receptor,Transcription factor;TGF(core);Mad;P42003;FBgn0011648;D. melanogaster;Mediator,Transcription factor;TGF(core);Interaction between pathway members;PPI directed;direct;stimulation;10357889|20542890;Signalink 2.0 (manual curation)(url: http://signalink.org ,pmid: 20542890);GO Semantic Similarity: 0.308959;
put;Q24468;FBgn0003169;D. melanogaster;Receptor,Transcription factor;TGF(core);Smox;O96660;FBgn0025800;D. melanogaster;Mediator,Transcription factor;TGF(core);Interaction between pathway members;PPI directed;direct;stimulation;10357889|20542890|21036869;Signalink 2.0 (manual curation)(url: http://signalink.org ,pmid: 20542890), DROID(url: http://www.droidb.org/ ,pmid: http://www.droidb.org/);GO Semantic Similarity: 0.186492, GO Semantic Similarity: 0.186492;
Smox;O96660;FBgn0025800;D. melanogaster;Mediator,Transcription factor;TGF(core);Med;Q9U010;FBgn0011655;D. melanogaster;Mediator;TGF(core);Interaction between pathway members;PPI directed;direct;stimulation;10357889|20542890;Signalink 2.0 (manual curation)(url: http://signalink.org ,pmid: 20542890);GO Semantic Similarity: 0.190883, GO Semantic Similarity: 0.190883;
Dad;Q5U110;FBgn0020493;D. melanogaster;Mediator,Transcription factor;TGF(non-core);Mad;P42003;FBgn0011648;D. melanogaster;Mediator,Transcription factor;TGF(core);Interaction between pathway members;PPI directed;direct;stimulation;10357889|9335506|21071413|20542890;Biogrid(url: http://thebiogrid.org/ ,pmid: 21071413), Signalink 2.0 (manual curation)(url: http://signalink.org ,pmid: http://signalink.org);GO Semantic Similarity: 0.290236;
Dad;Q5U110;FBgn0020493;D. melanogaster;Mediator,Transcription factor;TGF(non-core);tkv;Q7KTP1;FBgn0003716;D. melanogaster;Receptor;TGF(core);Interaction between pathway members;PPI directed;direct;stimulation;10357889|9335506|21071413|20542890;Biogrid(url: http://thebiogrid.org/ ,pmid: 21071413), Signalink 2.0 (manual curation)(url: http://signalink.org ,pmid: http://signalink.org);GO Semantic Similarity: 0.285986, GO Semantic Similarity: 0.285986;
chico;Q9XTN2;FBgn0024248;D. melanogaster;Mediator;RTK(core);Pi3K92E;P91634;FBgn0015279;D. melanogaster;Mediator;RTK(core);Interaction between pathway members;PPI directed;direct;stimulation;11943559|10399915|21071413|20542890;Biogrid(url: http://thebiogrid.org/ ,pmid: 21071413), Signalink 2.0 (manual curation)(url: http://signalink.org ,pmid: http://signalink.org);GO Semantic Similarity: 0.281493, GO Semantic Similarity: 0.281493;
Pten;Q9U470;FBgn0026379;D. melanogaster;Co-factor;RTK(non-core);Pdk1;Q9W0V1;FBgn0020386;D. melanogaster;Mediator;RTK(core);Interaction between pathway members;PPI directed;direct;stimulation;11943559|20542890;Signalink 2.0 (manual curation)(url: http://signalink.org ,pmid: 20542890);GO Semantic Similarity: 0.228576;
Ilp6;Q9W4Z4;FBgn0044047;D. melanogaster;Ligand ;RTK(core);InR;P09208;FBgn0013984;D. melanogaster;Receptor;RTK(core);Interaction between pathway members;PPI directed;direct;stimulation;11897402|20542890;Signalink 2.0 (manual curation)(url: http://signalink.org ,pmid: 20542890);GO Semantic Similarity: 0.166483;
chico;Q9XTN2;FBgn0024248;D. melanogaster;Mediator;RTK(core);drk;Q08012;FBgn0004638;D. melanogaster;Mediator;RTK(core);Interaction between pathway members;PPI directed;direct;stimulation;11897402|20542890;Signalink 2.0 (manual curation)(url: http://signalink.org ,pmid: 20542890);GO Semantic Similarity: 0.180603;
Pi3K92E;P91634;FBgn0015279;D. melanogaster;Mediator;RTK(core);Pi3K21B;O18683;FBgn0020622;D. melanogaster;Mediator;RTK(non-core);Interaction between pathway members;PPI directed;direct;stimulation;9169420|15935772|8978685|22068330|9169420|15935772|8978685|22068330|9169420|15935772|8978685|22068330|9169420|15935772|8978685|22068330|9169420|20542890|21036869;Signalink 2.0 (manual curation)(url: http://signalink.org ,pmid: 20542890), DROID(url: http://www.droidb.org/ ,pmid: http://www.droidb.org/);GO Semantic Similarity: 0.174263, GO Semantic Similarity: 0.174263;
Akt1;Q8INB9;FBgn0010379;D. melanogaster;Co-factor;RTK(core);S6k;P91656;FBgn0015806;D. melanogaster;Mediator;RTK(core);Interaction between pathway members;PPI directed;direct;stimulation;11943559|20542890;Signalink 2.0 (manual curation)(url: http://signalink.org ,pmid: 20542890);GO Semantic Similarity: 0.236485;
Ser;P18168;FBgn0004197;D. melanogaster;Endocytosis related ,Ligand ;Notch(non-core);N;P07207;FBgn0004647;D. melanogaster;Endocytosis related ,Receptor,Transcription factor;Notch(core);Interaction between pathway members;PPI directed;direct;stimulation;12651094|10588874|11719214|10862754|7720588|21036869|20542890|21071413;DROID(url: http://www.droidb.org/ ,pmid: 21036869), Signalink 2.0 (manual curation)(url: http://signalink.org ,pmid: http://signalink.org), Biogrid(url: http://thebiogrid.org/ ,pmid: http://thebiogrid.org/);GO Semantic Similarity: 0.339218, GO Semantic Similarity: 0.339218;
fng;Q24342;FBgn0011591;D. melanogaster;Co-factor;Notch(non-core);Ser;P18168;FBgn0004197;D. melanogaster;Endocytosis related ,Ligand ;Notch(non-core);Interaction between pathway members;PPI directed;direct;stimulation;9892565|9655817|9310337|9247339|9778511|9202123|10635331|20542890|21071413;Signalink 2.0 (manual curation)(url: http://signalink.org ,pmid: 20542890), Biogrid(url: http://thebiogrid.org/ ,pmid: http://thebiogrid.org/);GO Semantic Similarity: 0.2876, GO Semantic Similarity: 0.2876;
bib;P23645;FBgn0000180;D. melanogaster;Co-factor;Notch(non-core);Dl;P10041;FBgn0000463;D. melanogaster;Endocytosis related ,Co-factor,Transcription factor;Notch(core);Interaction between pathway members;PPI directed;indirect;stimulation;9892565|20542890;Signalink 2.0 (manual curation)(url: http://signalink.org ,pmid: 20542890);GO Semantic Similarity: 0.217242;
Su(H);P28159;FBgn0004837;D. melanogaster;Transcription factor;Notch(core);H;Q02308;FBgn0001169;D. melanogaster;Co-factor,Transcription factor;Notch(non-core);Interaction between pathway members;PPI directed;direct;stimulation;16287856|12702684|408228|1617729|7954795|8913755|1617730|9383058|10903180|10673509|11378391|11071771|12702684|408228|1617729|7954795|8913755|1617730|9383058|10903180|10673509|11378391|11071771|22036573|15710747|14605208|20542890|21036869|21071413;Signalink 2.0 (manual curation)(url: http://signalink.org ,pmid: 20542890), DROID(url: http://www.droidb.org/ ,pmid: http://www.droidb.org/), Biogrid(url: http://thebiogrid.org/ ,pmid: http://thebiogrid.org/);GO Semantic Similarity: 0.28935, GO Semantic Similarity: 0.28935;
H;Q02308;FBgn0001169;D. melanogaster;Co-factor,Transcription factor;Notch(non-core);N;P07207;FBgn0004647;D. melanogaster;Endocytosis related ,Receptor,Transcription factor;Notch(core);Interaction between pathway members;PPI directed;direct;stimulation;16287856|8601489|9383058|12154126|12049762|8742832|9570768|10446272|8601489|9383058|12154126|12049762|8742832|9570768|10446272|20542890|21071413;Signalink 2.0 (manual curation)(url: http://signalink.org ,pmid: 20542890), Biogrid(url: http://thebiogrid.org/ ,pmid: http://thebiogrid.org/);GO Semantic Similarity: 0.311522, GO Semantic Similarity: 0.311522;
Dab;P98081;FBgn0000414;D. melanogaster;;Notch(non-core);N;P07207;FBgn0004647;D. melanogaster;Endocytosis related ,Receptor,Transcription factor;Notch(core);Interaction between pathway members;PPI directed;direct;stimulation;9892565|21036869|20542890;DROID(url: http://www.droidb.org/ ,pmid: 21036869), Signalink 2.0 (manual curation)(url: http://signalink.org ,pmid: http://signalink.org);GO Semantic Similarity: 0.267812;
Abl;P00522;FBgn0000017;D. melanogaster;Co-factor;Notch(non-core);N;P07207;FBgn0004647;D. melanogaster;Endocytosis related ,Receptor,Transcription factor;Notch(core);Interaction between pathway members;PPI directed;indirect;stimulation;9892565|9581760|12781136|9581760|12781136|20542890|21071413;Signalink 2.0 (manual curation)(url: http://signalink.org ,pmid: 20542890), Biogrid(url: http://thebiogrid.org/ ,pmid: http://thebiogrid.org/);GO Semantic Similarity: 0.242699, GO Semantic Similarity: 0.242699;
dx;Q23985;FBgn0000524;D. melanogaster;Co-factor,Endocytosis related ;Notch(non-core);N;P07207;FBgn0004647;D. melanogaster;Endocytosis related ,Receptor,Transcription factor;Notch(core);Interaction between pathway members;PPI directed;direct;stimulation;16284625|9334275|11861487|8913755|8150285|11719214|7848873|1592246|9334275|11861487|8913755|8150285|11719214|7848873|1592246|8162848|8162848|11861487|1592246|8162848|21036869|20542890|21071413;DROID(url: http://www.droidb.org/ ,pmid: 21036869), Signalink 2.0 (manual curation)(url: http://signalink.org ,pmid: http://signalink.org), Biogrid(url: http://thebiogrid.org/ ,pmid: http://thebiogrid.org/);GO Semantic Similarity: 0.253908;
Klp64D;Q9VRK9;FBgn0004380;D. melanogaster;Co-factor;Hedgehog(non-core);smo;P91682;FBgn0003444;D. melanogaster;Mediator;Hedgehog(core),TGF(core);Interaction between pathway members;PPI directed;direct;stimulation;15803137|20542890;Signalink 2.0 (manual curation)(url: http://signalink.org ,pmid: 20542890);GO Semantic Similarity: 0.190883;
CkIalpha;P54367;FBgn0015024;D. melanogaster;Co-factor;Hedgehog(core),WNT/Wingless(core);smo;P91682;FBgn0003444;D. melanogaster;Mediator;Hedgehog(core),TGF(core);Interaction between pathway members;PPI directed;direct;stimulation;15803137|20542890;Signalink 2.0 (manual curation)(url: http://signalink.org ,pmid: 20542890);GO Semantic Similarity: 0.190883;
sgg;P18431;FBgn0003371;D. melanogaster;Mediator,Co-factor;RTK(core),Hedgehog(core),WNT/Wingless(core);smo;P91682;FBgn0003444;D. melanogaster;Mediator;Hedgehog(core),TGF(core);Interaction between pathway members;PPI directed;direct;stimulation;15803137|20542890;Signalink 2.0 (manual curation)(url: http://signalink.org ,pmid: 20542890);GO Semantic Similarity: 0.285772, GO Semantic Similarity: 0.285772;
smo;P91682;FBgn0003444;D. melanogaster;Mediator;Hedgehog(core),TGF(core);Pka-C1;P12370;FBgn0000273;D. melanogaster;Mediator;Hedgehog(core),WNT/Wingless(core);Interaction between pathway members;PPI directed;direct;stimulation;15803137|11955435|21071413|20542890;Biogrid(url: http://thebiogrid.org/ ,pmid: 21071413), Signalink 2.0 (manual curation)(url: http://signalink.org ,pmid: http://signalink.org);GO Semantic Similarity: 0.2663, GO Semantic Similarity: 0.2663;
Pka-C1;P12370;FBgn0000273;D. melanogaster;Mediator;Hedgehog(core),WNT/Wingless(core);smo;P91682;FBgn0003444;D. melanogaster;Mediator;Hedgehog(core),TGF(core);Interaction between pathway members;PPI directed;indirect;unknown;15592457|15592457|15616566|21036869|20542890;DROID(url: http://www.droidb.org/ ,pmid: 21036869), Signalink 2.0 (manual curation)(url: http://signalink.org ,pmid: http://signalink.org);GO Semantic Similarity: 0.2663, GO Semantic Similarity: 0.2663;
ci;P19538;FBgn0004859;D. melanogaster;Mediator,Transcription factor;Hedgehog(core);nej;O01368;FBgn0261617;D. melanogaster;Co-factor;WNT/Wingless(non-core);Interaction between pathway members;PPI directed;direct;stimulation;15803137|15710747|15710747|20542890|21036869;Signalink 2.0 (manual curation)(url: http://signalink.org ,pmid: 20542890), DROID(url: http://www.droidb.org/ ,pmid: http://www.droidb.org/);GO Semantic Similarity: 0.207225;
shf;Q9W3W5;FBgn0003390;D. melanogaster;;Hedgehog(non-core);hh;Q02936;FBgn0004644;D. melanogaster;Ligand ,Transcription factor;Hedgehog(core);Interaction between pathway members;PPI directed;direct;stimulation;15803137|15691765|21036869|20542890;DROID(url: http://www.droidb.org/ ,pmid: 21036869), Signalink 2.0 (manual curation)(url: http://signalink.org ,pmid: http://signalink.org);GO Semantic Similarity: 0.166483;
os;Q9VWW4;FBgn0004956;D. melanogaster;Ligand ;JAK/STAT(core);dome;Q9VWE0;FBgn0043903;D. melanogaster;Receptor;JAK/STAT(core);Interaction between pathway members;PPI directed;direct;stimulation;12194841|11825879|11696329|12403714|11825879|11696329|11825879|11696329|20542890|21036869|21071413;Signalink 2.0 (manual curation)(url: http://signalink.org ,pmid: 20542890), DROID(url: http://www.droidb.org/ ,pmid: http://www.droidb.org/), Biogrid(url: http://thebiogrid.org/ ,pmid: http://thebiogrid.org/);GO Semantic Similarity: 0.249985, GO Semantic Similarity: 0.249985;
upd3;Q59E38;FBgn0053542;D. melanogaster;Ligand ;JAK/STAT(core);dome;Q9VWE0;FBgn0043903;D. melanogaster;Receptor;JAK/STAT(core);Interaction between pathway members;PPI directed;direct;stimulation;12194841|20542890;Signalink 2.0 (manual curation)(url: http://signalink.org ,pmid: 20542890);GO Semantic Similarity: 0.174263;
dome;Q9VWE0;FBgn0043903;D. melanogaster;Receptor;JAK/STAT(core);hop;Q24592;FBgn0004864;D. melanogaster;Mediator;JAK/STAT(core);Interaction between pathway members;PPI directed;direct;stimulation;12194841|11825879|11696329|11825879|11696329|20542890|21071413;Signalink 2.0 (manual curation)(url: http://signalink.org ,pmid: 20542890), Biogrid(url: http://thebiogrid.org/ ,pmid: http://thebiogrid.org/);GO Semantic Similarity: 0.290236;
Socs36E;Q8INY1;FBgn0041184;D. melanogaster;Co-factor;JAK/STAT(non-core);hop;Q24592;FBgn0004864;D. melanogaster;Mediator;JAK/STAT(core);Interaction between pathway members;PPI directed;direct;stimulation;12479803|20542890;Signalink 2.0 (manual curation)(url: http://signalink.org ,pmid: 20542890);GO Semantic Similarity: 0.292371;
Stam;Q9XTL2;FBgn0027363;D. melanogaster;Co-factor;JAK/STAT(non-core);hop;Q24592;FBgn0004864;D. melanogaster;Mediator;JAK/STAT(core);Interaction between pathway members;PPI directed;direct;stimulation;12479803|20542890;Signalink 2.0 (manual curation)(url: http://signalink.org ,pmid: 20542890);GO Semantic Similarity: 0.174737;
Cdc42;P40793;FBgn0010341;D. melanogaster;Mediator;RTK(core);Pak;Q24213;FBgn0014001;D. melanogaster;Mediator,Co-factor;RTK(core);Interaction between pathway members;PPI directed;direct;stimulation;15572110|20542890|21036869;Signalink 2.0 (manual curation)(url: http://signalink.org ,pmid: 20542890), DROID(url: http://www.droidb.org/ ,pmid: http://www.droidb.org/);GO Semantic Similarity: 0.280983;
Rac1;P40792;FBgn0010333;D. melanogaster;Co-factor,Mediator;RTK(core);Pak;Q24213;FBgn0014001;D. melanogaster;Mediator,Co-factor;RTK(core);Interaction between pathway members;PPI directed;direct;stimulation;15572110|15479641|10847683|14527437|15479641|10847683|14527437|15710747|15710747|20542890|21036869;Signalink 2.0 (manual curation)(url: http://signalink.org ,pmid: 20542890), DROID(url: http://www.droidb.org/ ,pmid: http://www.droidb.org/);GO Semantic Similarity: 0.290236;
Tab2;Q9NFL3;FBgn0086358;D. melanogaster;Co-factor;RTK(non-core);Tak1;Q9V3Q6;FBgn0026323;D. melanogaster;Mediator;RTK(core);Interaction between pathway members;PPI directed;direct;stimulation;16079232|14605208|14605208|20542890|21036869;Signalink 2.0 (manual curation)(url: http://signalink.org ,pmid: 20542890), DROID(url: http://www.droidb.org/ ,pmid: http://www.droidb.org/);GO Semantic Similarity: 0.257985;
Wnt2;P28465;FBgn0004360;D. melanogaster;Ligand ;WNT/Wingless(core);fz;P18537;FBgn0001085;D. melanogaster;Receptor;WNT/Wingless(core);Interaction between pathway members;PPI directed;direct;stimulation;12205098|20542890;Signalink 2.0 (manual curation)(url: http://signalink.org ,pmid: 20542890);GO Semantic Similarity: 0.217242, GO Semantic Similarity: 0.217242;
sgg;P18431;FBgn0003371;D. melanogaster;Mediator,Co-factor;RTK(core),Hedgehog(core),WNT/Wingless(core);Jra;P18289;FBgn0001291;D. melanogaster;Transcription factor;RTK(core);Interaction between pathway members;PPI directed;direct;stimulation;8384355|20542890;Signalink 2.0 (manual curation)(url: http://signalink.org ,pmid: 20542890);GO Semantic Similarity: 0.242699;
slpr;Q95UN8;FBgn0030018;D. melanogaster;Mediator;RTK(core);hep;Q23977;FBgn0010303;D. melanogaster;Mediator,Transcription factor;RTK(core);Interaction between pathway members;PPI directed;direct;stimulation;11825878|20542890;Signalink 2.0 (manual curation)(url: http://signalink.org ,pmid: 20542890);GO Semantic Similarity: 0.290236;
lgs;Q961D9;FBgn0039907;D. melanogaster;Co-factor;WNT/Wingless(non-core);arm;P18824;FBgn0000117;D. melanogaster;;WNT/Wingless(core);Interaction between pathway members;PPI directed;direct;stimulation;17113272|11955446|11912189|20542890|21071413;Signalink 2.0 (manual curation)(url: http://signalink.org ,pmid: 20542890), Biogrid(url: http://thebiogrid.org/ ,pmid: http://thebiogrid.org/);GO Semantic Similarity: 0.248264, GO Semantic Similarity: 0.248264;
lgs;Q961D9;FBgn0039907;D. melanogaster;Co-factor;WNT/Wingless(non-core);pygo;Q9V9W8;FBgn0043900;D. melanogaster;Co-factor,Transcription factor;WNT/Wingless(non-core);Interaction between pathway members;PPI directed;direct;stimulation;11955446|16005293|11955446|11912189|21036869|20542890;DROID(url: http://www.droidb.org/ ,pmid: 21036869), Signalink 2.0 (manual curation)(url: http://signalink.org ,pmid: http://signalink.org);GO Semantic Similarity: 0.19659, GO Semantic Similarity: 0.19659;
pygo;Q9V9W8;FBgn0043900;D. melanogaster;Co-factor,Transcription factor;WNT/Wingless(non-core);arm;P18824;FBgn0000117;D. melanogaster;;WNT/Wingless(core);Interaction between pathway members;PPI directed;direct;stimulation;12015286|12015286|21071413|20542890;Biogrid(url: http://thebiogrid.org/ ,pmid: 21071413), Signalink 2.0 (manual curation)(url: http://signalink.org ,pmid: http://signalink.org);GO Semantic Similarity: 0.242699, GO Semantic Similarity: 0.242699;
CrebB-17A;Q9VWW0;FBgn0014467;D. melanogaster;Transcription factor;WNT/Wingless(non-core);pan;P91943;FBgn0085432;D. melanogaster;Mediator,Transcription factor;WNT/Wingless(core);Interaction between pathway members;PPI directed;direct;stimulation;9774110|20542890;Signalink 2.0 (manual curation)(url: http://signalink.org ,pmid: 20542890);GO Semantic Similarity: 0.186492;
nmo;Q23994;FBgn0011817;D. melanogaster;Co-factor;TGF(non-core),WNT/Wingless(core);Mad;P42003;FBgn0011648;D. melanogaster;Mediator,Transcription factor;TGF(core);Interaction between pathway members;PPI directed;direct;stimulation;17507407|20542890;Signalink 2.0 (manual curation)(url: http://signalink.org ,pmid: 20542890);GO Semantic Similarity: 0.281493;
lqf;A8JNM3;FBgn0028582;D. melanogaster;Co-factor;Notch(non-core);Dl;P10041;FBgn0000463;D. melanogaster;Endocytosis related ,Co-factor,Transcription factor;Notch(core);Interaction between pathway members;PPI directed;direct;stimulation;15930117|20542890;Signalink 2.0 (manual curation)(url: http://signalink.org ,pmid: 20542890);GO Semantic Similarity: 0.236485;
mib1;Q9VUX2;FBgn0263601;D. melanogaster;Co-factor,Endocytosis related ,Transcription factor;Notch(non-core);Ser;P18168;FBgn0004197;D. melanogaster;Endocytosis related ,Ligand ;Notch(non-core);Interaction between pathway members;PPI directed;direct;stimulation;15930117|20542890;Signalink 2.0 (manual curation)(url: http://signalink.org ,pmid: 20542890);GO Semantic Similarity: 0.180603;
lqf;A8JNM3;FBgn0028582;D. melanogaster;Co-factor;Notch(non-core);Ser;P18168;FBgn0004197;D. melanogaster;Endocytosis related ,Ligand ;Notch(non-core);Interaction between pathway members;PPI directed;direct;stimulation;15930117|20542890;Signalink 2.0 (manual curation)(url: http://signalink.org ,pmid: 20542890);GO Semantic Similarity: 0.207225;
aux;Q9VMY8;FBgn0037218;D. melanogaster;Co-factor;Notch(non-core);Dl;P10041;FBgn0000463;D. melanogaster;Endocytosis related ,Co-factor,Transcription factor;Notch(core);Interaction between pathway members;PPI directed;direct;stimulation;16682530|20542890;Signalink 2.0 (manual curation)(url: http://signalink.org ,pmid: 20542890);GO Semantic Similarity: 0.1948;
Rab11;O18335;FBgn0015790;D. melanogaster;Co-factor,Transcription factor;Notch(non-core);Dl;P10041;FBgn0000463;D. melanogaster;Endocytosis related ,Co-factor,Transcription factor;Notch(core);Interaction between pathway members;PPI directed;direct;stimulation;16137758|20542890;Signalink 2.0 (manual curation)(url: http://signalink.org ,pmid: 20542890);GO Semantic Similarity: 0.292941;
Tom;Q9U4W9;FBgn0026320;D. melanogaster;Co-factor;Notch(non-core);neur;P29503;FBgn0002932;D. melanogaster;Endocytosis related ;Notch(non-core);Interaction between pathway members;PPI directed;direct;stimulation;16459303|20542890;Signalink 2.0 (manual curation)(url: http://signalink.org ,pmid: 20542890);GO Semantic Similarity: 0.190883, GO Semantic Similarity: 0.190883;
crb;P10040;FBgn0259685;D. melanogaster;Receptor;Notch(core);Psn;O02194;FBgn0019947;D. melanogaster;Receptor;Notch(core);Interaction between pathway members;PPI directed;direct;stimulation;16440003|20542890;Signalink 2.0 (manual curation)(url: http://signalink.org ,pmid: 20542890);GO Semantic Similarity: 0.174263;
alpha-Adaptin;P91926;FBgn0015567,FBgn0264855;D. melanogaster;Co-factor;Notch(non-core);numb;P16554;FBgn0002973;D. melanogaster;Co-factor,Endocytosis related ;Notch(non-core);Interaction between pathway members;PPI directed;direct;stimulation;12194853|20542890;Signalink 2.0 (manual curation)(url: http://signalink.org ,pmid: 20542890);GO Semantic Similarity: 0.285986;
krz;Q9V393;FBgn0040206;D. melanogaster;Co-factor;Notch(non-core);dx;Q23985;FBgn0000524;D. melanogaster;Co-factor,Endocytosis related ;Notch(non-core);Interaction between pathway members;PPI directed;direct;stimulation;16284625|14605208|14605208|20542890|21036869;Signalink 2.0 (manual curation)(url: http://signalink.org ,pmid: 20542890), DROID(url: http://www.droidb.org/ ,pmid: http://www.droidb.org/);GO Semantic Similarity: 0.242699, GO Semantic Similarity: 0.242699;
Bx42;P39736;FBgn0004856;D. melanogaster;Co-factor;Notch(non-core);Su(H);P28159;FBgn0004837;D. melanogaster;Transcription factor;Notch(core);Interaction between pathway members;PPI directed;direct;stimulation;10713164|20542890;Signalink 2.0 (manual curation)(url: http://signalink.org ,pmid: 20542890);GO Semantic Similarity: 0.180603;
gro;P16371;FBgn0001139;D. melanogaster;Co-factor,Transcription factor;Notch(non-core),TGF(non-core),WNT/Wingless(non-core);H;Q02308;FBgn0001169;D. melanogaster;Co-factor,Transcription factor;Notch(non-core);Interaction between pathway members;PPI directed;direct;stimulation;10973955|9383058|12049762|12154126|9383058|12049762|12154126|12154126|21036869|20542890|21071413;DROID(url: http://www.droidb.org/ ,pmid: 21036869), Signalink 2.0 (manual curation)(url: http://signalink.org ,pmid: http://signalink.org), Biogrid(url: http://thebiogrid.org/ ,pmid: http://thebiogrid.org/);GO Semantic Similarity: 0.180603, GO Semantic Similarity: 0.180603;
H;Q02308;FBgn0001169;D. melanogaster;Co-factor,Transcription factor;Notch(non-core);CtBP;O46036;FBgn0020496;D. melanogaster;Co-factor,Transcription factor;Notch(non-core);Interaction between pathway members;PPI directed;direct;stimulation;16287856|12154126|12154126|14605208|21071413|20542890|21036869;Biogrid(url: http://thebiogrid.org/ ,pmid: 21071413), Signalink 2.0 (manual curation)(url: http://signalink.org ,pmid: http://signalink.org), DROID(url: http://www.droidb.org/ ,pmid: http://www.droidb.org/);GO Semantic Similarity: 0.207225, GO Semantic Similarity: 0.207225;
sec15;Q9VDE6;FBgn0038856;D. melanogaster;Co-factor;Notch(non-core);Rab11;O18335;FBgn0015790;D. melanogaster;Co-factor,Transcription factor;Notch(non-core);Interaction between pathway members;PPI directed;direct;stimulation;16137928|20542890;Signalink 2.0 (manual curation)(url: http://signalink.org ,pmid: 20542890);GO Semantic Similarity: 0.235168;
Nedd4;Q9VVI3;FBgn0259174;D. melanogaster;Co-factor,Endocytosis related ;Notch(non-core);N;P07207;FBgn0004647;D. melanogaster;Endocytosis related ,Receptor,Transcription factor;Notch(core);Interaction between pathway members;PPI directed;direct;stimulation;15620649|20542890;Signalink 2.0 (manual curation)(url: http://signalink.org ,pmid: 20542890);GO Semantic Similarity: 0.236485;
Nedd4;Q9VVI3;FBgn0259174;D. melanogaster;Co-factor,Endocytosis related ;Notch(non-core);dx;Q23985;FBgn0000524;D. melanogaster;Co-factor,Endocytosis related ;Notch(non-core);Interaction between pathway members;PPI directed;direct;stimulation;15620649|20542890;Signalink 2.0 (manual curation)(url: http://signalink.org ,pmid: 20542890);GO Semantic Similarity: 0.242699;
numb;P16554;FBgn0002973;D. melanogaster;Co-factor,Endocytosis related ;Notch(non-core);tmod;O46231;FBgn0082582;D. melanogaster;Endocytosis related ,Co-factor;Notch(non-core);Interaction between pathway members;PPI directed;direct;stimulation;12919675|9550717|21071413|20542890;Biogrid(url: http://thebiogrid.org/ ,pmid: 21071413), Signalink 2.0 (manual curation)(url: http://signalink.org ,pmid: http://signalink.org);;
tmod;O46231;FBgn0082582;D. melanogaster;Endocytosis related ,Co-factor;Notch(non-core);N;P07207;FBgn0004647;D. melanogaster;Endocytosis related ,Receptor,Transcription factor;Notch(core);Interaction between pathway members;PPI directed;direct;stimulation;12919675|20542890;Signalink 2.0 (manual curation)(url: http://signalink.org ,pmid: 20542890);;
ihog;Q9VM64;FBgn0031872;D. melanogaster;Co-factor;Hedgehog(non-core);hh;Q02936;FBgn0004644;D. melanogaster;Ligand ,Transcription factor;Hedgehog(core);Interaction between pathway members;PPI directed;direct;stimulation;16630821|20542890;Signalink 2.0 (manual curation)(url: http://signalink.org ,pmid: 20542890);GO Semantic Similarity: 0.253908;
boi;A8JUV7;FBgn0040388;D. melanogaster;Co-factor;Hedgehog(non-core);hh;Q02936;FBgn0004644;D. melanogaster;Ligand ,Transcription factor;Hedgehog(core);Interaction between pathway members;PPI directed;direct;stimulation;16630821|20542890;Signalink 2.0 (manual curation)(url: http://signalink.org ,pmid: 20542890);GO Semantic Similarity: 0.253908;
smo;P91682;FBgn0003444;D. melanogaster;Mediator;Hedgehog(core),TGF(core);Gprk2;P32866;FBgn0261988;D. melanogaster;Co-factor;Hedgehog(non-core);Interaction between pathway members;PPI directed;indirect;stimulation;17483466|20542890;Signalink 2.0 (manual curation)(url: http://signalink.org ,pmid: 20542890);GO Semantic Similarity: 0.198502;
smo;P91682;FBgn0003444;D. melanogaster;Mediator;Hedgehog(core),TGF(core);cos;O16844;FBgn0000352;D. melanogaster;Co-factor;Hedgehog(core);Interaction between pathway members;PPI directed;direct;stimulation;14597665|20542890;Signalink 2.0 (manual curation)(url: http://signalink.org ,pmid: 20542890);GO Semantic Similarity: 0.236485, GO Semantic Similarity: 0.236485;
cos;O16844;FBgn0000352;D. melanogaster;Co-factor;Hedgehog(core);ci;P19538;FBgn0004859;D. melanogaster;Mediator,Transcription factor;Hedgehog(core);Interaction between pathway members;PPI directed;direct;stimulation;14597665|9244298|10825151|9244298|15063184|11090136|11914126|10825151|15710747|20542890|21036869|21071413;Signalink 2.0 (manual curation)(url: http://signalink.org ,pmid: 20542890), DROID(url: http://www.droidb.org/ ,pmid: http://www.droidb.org/), Biogrid(url: http://thebiogrid.org/ ,pmid: http://thebiogrid.org/);GO Semantic Similarity: 0.19659, GO Semantic Similarity: 0.19659;
cos;O16844;FBgn0000352;D. melanogaster;Co-factor;Hedgehog(core);fu;P23647;FBgn0001079;D. melanogaster;Co-factor;Hedgehog(core);Interaction between pathway members;PPI directed;direct;stimulation;14597665|12163413|8861096|10825151|11495917|11839821|15710747|14611647|15691767|15063184|11914126|11495917|11839821|10825151|21036869|20542890|21071413;DROID(url: http://www.droidb.org/ ,pmid: 21036869), Signalink 2.0 (manual curation)(url: http://signalink.org ,pmid: http://signalink.org), Biogrid(url: http://thebiogrid.org/ ,pmid: http://thebiogrid.org/);GO Semantic Similarity: 0.236485, GO Semantic Similarity: 0.236485;
fu;P23647;FBgn0001079;D. melanogaster;Co-factor;Hedgehog(core);ci;P19538;FBgn0004859;D. melanogaster;Mediator,Transcription factor;Hedgehog(core);Interaction between pathway members;PPI directed;direct;stimulation;14597665|9858670|12163413|8861096|10825151|14611647|15063184|10825151|21036869|20542890|21071413;DROID(url: http://www.droidb.org/ ,pmid: 21036869), Signalink 2.0 (manual curation)(url: http://signalink.org ,pmid: http://signalink.org), Biogrid(url: http://thebiogrid.org/ ,pmid: http://thebiogrid.org/);GO Semantic Similarity: 0.223133, GO Semantic Similarity: 0.223133;
Su(fu);Q9VG38;FBgn0005355;D. melanogaster;Co-factor;Hedgehog(core);ci;P19538;FBgn0004859;D. melanogaster;Mediator,Transcription factor;Hedgehog(core);Interaction between pathway members;PPI directed;direct;stimulation;11090136|14605208|14611647|15710747|14605208|20542890|21036869|21071413;Signalink 2.0 (manual curation)(url: http://signalink.org ,pmid: 20542890), DROID(url: http://www.droidb.org/ ,pmid: http://www.droidb.org/), Biogrid(url: http://thebiogrid.org/ ,pmid: http://thebiogrid.org/);GO Semantic Similarity: 0.185555;
cos;O16844;FBgn0000352;D. melanogaster;Co-factor;Hedgehog(core);sgg;P18431;FBgn0003371;D. melanogaster;Mediator,Co-factor;RTK(core),Hedgehog(core),WNT/Wingless(core);Interaction between pathway members;PPI directed;direct;stimulation;15691767|15691767|21036869|20542890;DROID(url: http://www.droidb.org/ ,pmid: 21036869), Signalink 2.0 (manual curation)(url: http://signalink.org ,pmid: http://signalink.org);GO Semantic Similarity: 0.280678;
cos;O16844;FBgn0000352;D. melanogaster;Co-factor;Hedgehog(core);CkIalpha;P54367;FBgn0015024;D. melanogaster;Co-factor;Hedgehog(core),WNT/Wingless(core);Interaction between pathway members;PPI directed;direct;stimulation;15691767|15691767|21036869|20542890;DROID(url: http://www.droidb.org/ ,pmid: 21036869), Signalink 2.0 (manual curation)(url: http://signalink.org ,pmid: http://signalink.org);GO Semantic Similarity: 0.174737;
cos;O16844;FBgn0000352;D. melanogaster;Co-factor;Hedgehog(core);Pka-C1;P12370;FBgn0000273;D. melanogaster;Mediator;Hedgehog(core),WNT/Wingless(core);Interaction between pathway members;PPI directed;direct;stimulation;15691767|20542890;Signalink 2.0 (manual curation)(url: http://signalink.org ,pmid: 20542890);GO Semantic Similarity: 0.253908;
fu;P23647;FBgn0001079;D. melanogaster;Co-factor;Hedgehog(core);Su(fu);Q9VG38;FBgn0005355;D. melanogaster;Co-factor;Hedgehog(core);Interaction between pathway members;PPI directed;direct;stimulation;16413525|1468628|8307322|11252182|12163413|9858670|1468628|8307322|11252182|12163413|9858670|10825151|15710747|14611647|10825151|15710747|20542890|21036869|21071413;Signalink 2.0 (manual curation)(url: http://signalink.org ,pmid: 20542890), DROID(url: http://www.droidb.org/ ,pmid: http://www.droidb.org/), Biogrid(url: http://thebiogrid.org/ ,pmid: http://thebiogrid.org/);GO Semantic Similarity: 0.19659, GO Semantic Similarity: 0.19659;
slmb;Q9VDE3;FBgn0023423;D. melanogaster;Co-factor;Hedgehog(non-core),WNT/Wingless(non-core);ci;P19538;FBgn0004859;D. melanogaster;Mediator,Transcription factor;Hedgehog(core);Interaction between pathway members;PPI directed;direct;stimulation;17925225|20542890;Signalink 2.0 (manual curation)(url: http://signalink.org ,pmid: 20542890);GO Semantic Similarity: 0.223133;
Pka-C1;P12370;FBgn0000273;D. melanogaster;Mediator;Hedgehog(core),WNT/Wingless(core);CkIalpha;P54367;FBgn0015024;D. melanogaster;Co-factor;Hedgehog(core),WNT/Wingless(core);Interaction between pathway members;PPI directed;direct;stimulation;17925225|20542890;Signalink 2.0 (manual curation)(url: http://signalink.org ,pmid: 20542890);GO Semantic Similarity: 0.174737;
CkIalpha;P54367;FBgn0015024;D. melanogaster;Co-factor;Hedgehog(core),WNT/Wingless(core);slmb;Q9VDE3;FBgn0023423;D. melanogaster;Co-factor;Hedgehog(non-core),WNT/Wingless(non-core);Interaction between pathway members;PPI directed;indirect;stimulation;17925225|20542890;Signalink 2.0 (manual curation)(url: http://signalink.org ,pmid: 20542890);GO Semantic Similarity: 0.237284;
sgg;P18431;FBgn0003371;D. melanogaster;Mediator,Co-factor;RTK(core),Hedgehog(core),WNT/Wingless(core);slmb;Q9VDE3;FBgn0023423;D. melanogaster;Co-factor;Hedgehog(non-core),WNT/Wingless(non-core);Interaction between pathway members;PPI directed;indirect;stimulation;17925225|20542890;Signalink 2.0 (manual curation)(url: http://signalink.org ,pmid: 20542890);GO Semantic Similarity: 0.285029;
Pka-C1;P12370;FBgn0000273;D. melanogaster;Mediator;Hedgehog(core),WNT/Wingless(core);slmb;Q9VDE3;FBgn0023423;D. melanogaster;Co-factor;Hedgehog(non-core),WNT/Wingless(non-core);Interaction between pathway members;PPI directed;indirect;stimulation;17925225|12432393|12432393|20542890|21036869;Signalink 2.0 (manual curation)(url: http://signalink.org ,pmid: 20542890), DROID(url: http://www.droidb.org/ ,pmid: http://www.droidb.org/);GO Semantic Similarity: 0.2663, GO Semantic Similarity: 0.2663;
dlp;Q9GPL5;FBgn0041604;D. melanogaster;Mediator,Co-factor;Hedgehog(non-core),WNT/Wingless(non-core);hh;Q02936;FBgn0004644;D. melanogaster;Ligand ,Transcription factor;Hedgehog(core);Interaction between pathway members;PPI directed;direct;stimulation;18477454|20542890;Signalink 2.0 (manual curation)(url: http://signalink.org ,pmid: 20542890);GO Semantic Similarity: 0.28935;
dlp;Q9GPL5;FBgn0041604;D. melanogaster;Mediator,Co-factor;Hedgehog(non-core),WNT/Wingless(non-core);wg;P09615;FBgn0004009;D. melanogaster;Ligand ,Transcription factor;WNT/Wingless(core);Interaction between pathway members;PPI directed;direct;stimulation;18477454|20542890;Signalink 2.0 (manual curation)(url: http://signalink.org ,pmid: 20542890);GO Semantic Similarity: 0.290236;
dally;Q24114;FBgn0263930;D. melanogaster;Co-factor;Hedgehog(non-core),WNT/Wingless(non-core);wg;P09615;FBgn0004009;D. melanogaster;Ligand ,Transcription factor;WNT/Wingless(core);Interaction between pathway members;PPI directed;indirect;unknown;10421371|10421372|10421371|10996794|11437449|10421372|10421371|10996794|11437449|20542890|21071413;Signalink 2.0 (manual curation)(url: http://signalink.org ,pmid: 20542890), Biogrid(url: http://thebiogrid.org/ ,pmid: http://thebiogrid.org/);GO Semantic Similarity: 0.294204;
dally;Q24114;FBgn0263930;D. melanogaster;Co-factor;Hedgehog(non-core),WNT/Wingless(non-core);hh;Q02936;FBgn0004644;D. melanogaster;Ligand ,Transcription factor;Hedgehog(core);Interaction between pathway members;PPI directed;indirect;stimulation;15963974|9374407|21071413|20542890;Biogrid(url: http://thebiogrid.org/ ,pmid: 21071413), Signalink 2.0 (manual curation)(url: http://signalink.org ,pmid: http://signalink.org);GO Semantic Similarity: 0.304016, GO Semantic Similarity: 0.304016;
rasp;Q9VZU2;FBgn0024194;D. melanogaster;Co-factor;RTK(non-core),Hedgehog(non-core);hh;Q02936;FBgn0004644;D. melanogaster;Ligand ,Transcription factor;Hedgehog(core);Interaction between pathway members;PPI directed;direct;stimulation;16459296|20542890;Signalink 2.0 (manual curation)(url: http://signalink.org ,pmid: 20542890);GO Semantic Similarity: 0.166483;
sfl;Q9V3L1;FBgn0020251;D. melanogaster;Co-factor;Hedgehog(non-core);hh;Q02936;FBgn0004644;D. melanogaster;Ligand ,Transcription factor;Hedgehog(core);Interaction between pathway members;PPI directed;direct;stimulation;10433902|20542890;Signalink 2.0 (manual curation)(url: http://signalink.org ,pmid: 20542890);GO Semantic Similarity: 0.28935;
en;P02836;FBgn0000577;D. melanogaster;Transcription factor;Hedgehog(non-core);ci;P19538;FBgn0004859;D. melanogaster;Mediator,Transcription factor;Hedgehog(core);Interaction between pathway members;PPI directed;direct;stimulation;7600980|9023986|21071413|20542890|20965965;Biogrid(url: http://thebiogrid.org/ ,pmid: 21071413), Signalink 2.0 (manual curation)(url: http://signalink.org ,pmid: http://signalink.org), RedFly(url: http://redfly.ccr.buffalo.edu/ ,pmid: http://redfly.ccr.buffalo.edu/);GO Semantic Similarity: 0.28935;
hyd;P51592;FBgn0002431;D. melanogaster;Co-factor;Hedgehog(non-core);ci;P19538;FBgn0004859;D. melanogaster;Mediator,Transcription factor;Hedgehog(core);Interaction between pathway members;PPI directed;direct;stimulation;12421709|20542890;Signalink 2.0 (manual curation)(url: http://signalink.org ,pmid: 20542890);GO Semantic Similarity: 0.190883;
rdx;Q9VFP2;FBgn0264493;D. melanogaster;Co-factor;Hedgehog(non-core);Cul-3;Q9V475;FBgn0261268;D. melanogaster;Co-factor;Hedgehog(non-core);Interaction between pathway members;PPI directed;direct;stimulation;16740475|20542890;Signalink 2.0 (manual curation)(url: http://signalink.org ,pmid: 20542890);GO Semantic Similarity: 0.168151, GO Semantic Similarity: 0.168151;
Cul-3;Q9V475;FBgn0261268;D. melanogaster;Co-factor;Hedgehog(non-core);ci;P19538;FBgn0004859;D. melanogaster;Mediator,Transcription factor;Hedgehog(core);Interaction between pathway members;PPI directed;direct;stimulation;16740475|20542890;Signalink 2.0 (manual curation)(url: http://signalink.org ,pmid: 20542890);GO Semantic Similarity: 0.19659;
Roc1a;Q9W5E1;FBgn0025638;D. melanogaster;Co-factor;Hedgehog(non-core);slmb;Q9VDE3;FBgn0023423;D. melanogaster;Co-factor;Hedgehog(non-core),WNT/Wingless(non-core);Interaction between pathway members;PPI directed;direct;stimulation;12062088|20542890;Signalink 2.0 (manual curation)(url: http://signalink.org ,pmid: 20542890);GO Semantic Similarity: 0.168151, GO Semantic Similarity: 0.168151;
lin19;Q24311;FBgn0015509;D. melanogaster;Co-factor;Hedgehog(non-core);slmb;Q9VDE3;FBgn0023423;D. melanogaster;Co-factor;Hedgehog(non-core),WNT/Wingless(non-core);Interaction between pathway members;PPI directed;direct;stimulation;12231629|20542890;Signalink 2.0 (manual curation)(url: http://signalink.org ,pmid: 20542890);GO Semantic Similarity: 0.166483;
Tak1;Q9V3Q6;FBgn0026323;D. melanogaster;Mediator;RTK(core);hep;Q23977;FBgn0010303;D. melanogaster;Mediator,Transcription factor;RTK(core);Interaction between pathway members;PPI directed;direct;stimulation;10757786|10757786|11287182|20542890|21071413;Signalink 2.0 (manual curation)(url: http://signalink.org ,pmid: 20542890), Biogrid(url: http://thebiogrid.org/ ,pmid: http://thebiogrid.org/);GO Semantic Similarity: 0.285029, GO Semantic Similarity: 0.285029;
bsk;P92208;FBgn0000229;D. melanogaster;Mediator;RTK(core);Jra;P18289;FBgn0001291;D. melanogaster;Transcription factor;RTK(core);Interaction between pathway members;PPI directed;direct;stimulation;11825878|9224721|9224720|9224721|9224720|9224721|21036869|20542890|21071413;DROID(url: http://www.droidb.org/ ,pmid: 21036869), Signalink 2.0 (manual curation)(url: http://signalink.org ,pmid: http://signalink.org), Biogrid(url: http://thebiogrid.org/ ,pmid: http://thebiogrid.org/);GO Semantic Similarity: 0.280678, GO Semantic Similarity: 0.280678;
nej;O01368;FBgn0261617;D. melanogaster;Co-factor;WNT/Wingless(non-core);pan;P91943;FBgn0085432;D. melanogaster;Mediator,Transcription factor;WNT/Wingless(core);Interaction between pathway members;PPI directed;direct;stimulation;9774110|20542890;Signalink 2.0 (manual curation)(url: http://signalink.org ,pmid: 20542890);GO Semantic Similarity: 0.203928;
cno;Q9VN82;FBgn0259212;D. melanogaster;Co-factor;RTK(non-core);Ras85D;P08646;FBgn0003205;D. melanogaster;Mediator;RTK(core);Interaction between pathway members;PPI directed;direct;stimulation;9226438|9226438|15710747|20542890|21071413;Signalink 2.0 (manual curation)(url: http://signalink.org ,pmid: 20542890), Biogrid(url: http://thebiogrid.org/ ,pmid: http://thebiogrid.org/);GO Semantic Similarity: 0.253908;
ago;Q9VZF4;FBgn0041171;D. melanogaster;Co-factor;RTK(non-core);dm;Q9W4S7;FBgn0262656;D. melanogaster;Transcription factor;RTK(core);Interaction between pathway members;PPI directed;direct;stimulation;15182669|15182669|21036869|20542890;DROID(url: http://www.droidb.org/ ,pmid: 21036869), Signalink 2.0 (manual curation)(url: http://signalink.org ,pmid: http://signalink.org);GO Semantic Similarity: 0.185555;
smo;P91682;FBgn0003444;D. melanogaster;Mediator;Hedgehog(core),TGF(core);babo;Q7YU60;FBgn0011300;D. melanogaster;Receptor;TGF(core);Interaction between pathway members;PPI directed;direct;stimulation;11934850|11934850|11934850|20542890|21036869;Signalink 2.0 (manual curation)(url: http://signalink.org ,pmid: 20542890), DROID(url: http://www.droidb.org/ ,pmid: http://www.droidb.org/);GO Semantic Similarity: 0.261047;
neur;P29503;FBgn0002932;D. melanogaster;Endocytosis related ;Notch(non-core);Ser;P18168;FBgn0004197;D. melanogaster;Endocytosis related ,Ligand ;Notch(non-core);Interaction between pathway members;PPI directed;direct;stimulation;16093323|17006545|21036869|20542890;DROID(url: http://www.droidb.org/ ,pmid: 21036869), Signalink 2.0 (manual curation)(url: http://signalink.org ,pmid: http://signalink.org);GO Semantic Similarity: 0.285986;
Src42A;Q9V9J3;FBgn0264959;D. melanogaster;;WNT/Wingless(non-core);cnk;Q7KNQ9;FBgn0021818;D. melanogaster;Co-factor;RTK(non-core);Interaction between pathway members;PPI directed;direct;stimulation;15660123|15660123|15660123|20542890|21036869;Signalink 2.0 (manual curation)(url: http://signalink.org ,pmid: 20542890), DROID(url: http://www.droidb.org/ ,pmid: http://www.droidb.org/);GO Semantic Similarity: 0.280983, GO Semantic Similarity: 0.280983;
Mkk4;Q7KPX5;FBgn0024326;D. melanogaster;Mediator;RTK(core);bsk;P92208;FBgn0000229;D. melanogaster;Mediator;RTK(core);Interaction between pathway members;PPI directed;direct;stimulation;9584193|19079254|19079254|20542890|21036869;Signalink 2.0 (manual curation)(url: http://signalink.org ,pmid: 20542890), DROID(url: http://www.droidb.org/ ,pmid: http://www.droidb.org/);GO Semantic Similarity: 0.180603, GO Semantic Similarity: 0.180603;
phl;P11346;FBgn0003079;D. melanogaster;Mediator;RTK(core);hpo;Q8T0S6;FBgn0261456;D. melanogaster;Mediator,Transcription factor;RTK(core);Interaction between pathway members;PPI directed;direct;stimulation;15701972|20542890;Signalink 2.0 (manual curation)(url: http://signalink.org ,pmid: 20542890);GO Semantic Similarity: 0.207225;
pygo;Q9V9W8;FBgn0043900;D. melanogaster;Co-factor,Transcription factor;WNT/Wingless(non-core);hyx;Q9VHI1;FBgn0037657;D. melanogaster;;WNT/Wingless(non-core);Interaction between pathway members;PPI directed;indirect;stimulation;16630820|20542890;Signalink 2.0 (manual curation)(url: http://signalink.org ,pmid: 20542890);GO Semantic Similarity: 0.253908;
rl;P40417;FBgn0003256;D. melanogaster;Mediator;RTK(core);pnt;P51023;FBgn0003118;D. melanogaster;;RTK(core);Interaction between pathway members;PPI directed;direct;stimulation;8722784|20542890;Signalink 2.0 (manual curation)(url: http://signalink.org ,pmid: 20542890);GO Semantic Similarity: 0.258558;
Sara;Q960V6;FBgn0026369;D. melanogaster;Co-factor;TGF(non-core);flw;P48462;FBgn0000711;D. melanogaster;Co-factor;TGF(non-core);Interaction between pathway members;PPI directed;direct;stimulation;12134149|20542890;Signalink 2.0 (manual curation)(url: http://signalink.org ,pmid: 20542890);;
flw;P48462;FBgn0000711;D. melanogaster;Co-factor;TGF(non-core);tkv;Q7KTP1;FBgn0003716;D. melanogaster;Receptor;TGF(core);Interaction between pathway members;PPI directed;direct;stimulation;12134149|20542890;Signalink 2.0 (manual curation)(url: http://signalink.org ,pmid: 20542890);GO Semantic Similarity: 0.207225;
flw;P48462;FBgn0000711;D. melanogaster;Co-factor;TGF(non-core);sax;Q7JQ36;FBgn0003317;D. melanogaster;Receptor;TGF(core);Interaction between pathway members;PPI directed;direct;stimulation;12134149|20542890;Signalink 2.0 (manual curation)(url: http://signalink.org ,pmid: 20542890);GO Semantic Similarity: 0.249985;
flw;P48462;FBgn0000711;D. melanogaster;Co-factor;TGF(non-core);babo;Q7YU60;FBgn0011300;D. melanogaster;Receptor;TGF(core);Interaction between pathway members;PPI directed;direct;stimulation;12134149|20542890;Signalink 2.0 (manual curation)(url: http://signalink.org ,pmid: 20542890);GO Semantic Similarity: 0.146212;
scw;P54631;FBgn0005590;D. melanogaster;Ligand ,Transcription factor;TGF(core);tkv;Q7KTP1;FBgn0003716;D. melanogaster;Receptor;TGF(core);Interaction between pathway members;PPI directed;direct;stimulation;9827802|9827802|9827801|20542890|21071413;Signalink 2.0 (manual curation)(url: http://signalink.org ,pmid: 20542890), Biogrid(url: http://thebiogrid.org/ ,pmid: http://thebiogrid.org/);GO Semantic Similarity: 0.239307, GO Semantic Similarity: 0.239307;
scw;P54631;FBgn0005590;D. melanogaster;Ligand ,Transcription factor;TGF(core);sax;Q7JQ36;FBgn0003317;D. melanogaster;Receptor;TGF(core);Interaction between pathway members;PPI directed;direct;stimulation;9827802|9827802|9827801|20542890|21071413;Signalink 2.0 (manual curation)(url: http://signalink.org ,pmid: 20542890), Biogrid(url: http://thebiogrid.org/ ,pmid: http://thebiogrid.org/);GO Semantic Similarity: 0.242699, GO Semantic Similarity: 0.242699;
sca;P21520;FBgn0003326;D. melanogaster;Co-factor;Notch(non-core);Dl;P10041;FBgn0000463;D. melanogaster;Endocytosis related ,Co-factor,Transcription factor;Notch(core);Interaction between pathway members;PPI directed;direct;stimulation;15760463|8647397|21071413|20542890;Biogrid(url: http://thebiogrid.org/ ,pmid: 21071413), Signalink 2.0 (manual curation)(url: http://signalink.org ,pmid: http://signalink.org);GO Semantic Similarity: 0.303383, GO Semantic Similarity: 0.303383;
sca;P21520;FBgn0003326;D. melanogaster;Co-factor;Notch(non-core);N;P07207;FBgn0004647;D. melanogaster;Endocytosis related ,Receptor,Transcription factor;Notch(core);Interaction between pathway members;PPI directed;direct;stimulation;15760463|8913755|2125959|10959842|8913755|2125959|10959842|11214322|21036869|20542890|21071413;DROID(url: http://www.droidb.org/ ,pmid: 21036869), Signalink 2.0 (manual curation)(url: http://signalink.org ,pmid: http://signalink.org), Biogrid(url: http://thebiogrid.org/ ,pmid: http://thebiogrid.org/);GO Semantic Similarity: 0.2876, GO Semantic Similarity: 0.2876;
spdo;Q8IMI5;FBgn0260440;D. melanogaster;Co-factor;Notch(non-core);N;P07207;FBgn0004647;D. melanogaster;Endocytosis related ,Receptor,Transcription factor;Notch(core);Interaction between pathway members;PPI directed;direct;stimulation;16113648|20542890;Signalink 2.0 (manual curation)(url: http://signalink.org ,pmid: 20542890);GO Semantic Similarity: 0.242699;
numb;P16554;FBgn0002973;D. melanogaster;Co-factor,Endocytosis related ;Notch(non-core);spdo;Q8IMI5;FBgn0260440;D. melanogaster;Co-factor;Notch(non-core);Interaction between pathway members;PPI directed;direct;stimulation;16113648|20542890;Signalink 2.0 (manual curation)(url: http://signalink.org ,pmid: 20542890);GO Semantic Similarity: 0.235168;
Su(var)2-10;Q7KNF5;FBgn0003612;D. melanogaster;Co-factor,Mediator,Transcription factor;JAK/STAT(non-core);Stat92E;Q24151;FBgn0016917;D. melanogaster;Transcription factor;JAK/STAT(core);Interaction between pathway members;PPI directed;direct;stimulation;11504941|11504941|11504941|20542890|21036869|21071413;Signalink 2.0 (manual curation)(url: http://signalink.org ,pmid: 20542890), DROID(url: http://www.droidb.org/ ,pmid: http://www.droidb.org/), Biogrid(url: http://thebiogrid.org/ ,pmid: http://thebiogrid.org/);GO Semantic Similarity: 0.242699, GO Semantic Similarity: 0.242699;
Stat92E;Q24151;FBgn0016917;D. melanogaster;Transcription factor;JAK/STAT(core);Su(var)205;P05205;FBgn0003607;D. melanogaster;Co-factor,Transcription factor;JAK/STAT(non-core);Interaction between pathway members;PPI directed;direct;stimulation;18840523|20542890;Signalink 2.0 (manual curation)(url: http://signalink.org ,pmid: 20542890);GO Semantic Similarity: 0.146212;
hipk;Q9W0Q1;FBgn0035142;D. melanogaster;Co-factor,Mediator;WNT/Wingless(non-core);arm;P18824;FBgn0000117;D. melanogaster;;WNT/Wingless(core);Interaction between pathway members;PPI directed;direct;stimulation;19623618|20542890;Signalink 2.0 (manual curation)(url: http://signalink.org ,pmid: 20542890);GO Semantic Similarity: 0.239307;
tor;P18475;FBgn0003733;D. melanogaster;;RTK(core);csw;P29349;FBgn0000382;D. melanogaster;Co-factor;RTK(non-core);Interaction between pathway members;PPI directed;direct;stimulation;8049487|12750336|21071413|20542890;Biogrid(url: http://thebiogrid.org/ ,pmid: 21071413), Signalink 2.0 (manual curation)(url: http://signalink.org ,pmid: http://signalink.org);GO Semantic Similarity: 0.267812, GO Semantic Similarity: 0.267812;
tor;P18475;FBgn0003733;D. melanogaster;;RTK(core);drk;Q08012;FBgn0004638;D. melanogaster;Mediator;RTK(core);Interaction between pathway members;PPI directed;direct;stimulation;8384582|8384582|12750336|20542890|21071413;Signalink 2.0 (manual curation)(url: http://signalink.org ,pmid: 20542890), Biogrid(url: http://thebiogrid.org/ ,pmid: http://thebiogrid.org/);GO Semantic Similarity: 0.207225, GO Semantic Similarity: 0.207225;
Egfr;P04412;FBgn0003731;D. melanogaster;Receptor;RTK(core);drk;Q08012;FBgn0004638;D. melanogaster;Mediator;RTK(core);Interaction between pathway members;PPI directed;direct;stimulation;12128212|20542890;Signalink 2.0 (manual curation)(url: http://signalink.org ,pmid: 20542890);GO Semantic Similarity: 0.28935, GO Semantic Similarity: 0.28935;
boss;P22815;FBgn0000206;D. melanogaster;;RTK(core);sev;P13368;FBgn0003366;D. melanogaster;;RTK(core);Interaction between pathway members;PPI directed;direct;stimulation;7680109|1857416|1857416|21036869|21071413|20542890;DROID(url: http://www.droidb.org/ ,pmid: 21036869), Biogrid(url: http://thebiogrid.org/ ,pmid: http://thebiogrid.org/), Signalink 2.0 (manual curation)(url: http://signalink.org ,pmid: http://signalink.org);GO Semantic Similarity: 0.235168;
sev;P13368;FBgn0003366;D. melanogaster;;RTK(core);drk;Q08012;FBgn0004638;D. melanogaster;Mediator;RTK(core);Interaction between pathway members;PPI directed;direct;stimulation;8162856|8462097|8462098|8462097|8462098|7781603|21036869|20542890|21071413;DROID(url: http://www.droidb.org/ ,pmid: 21036869), Signalink 2.0 (manual curation)(url: http://signalink.org ,pmid: http://signalink.org), Biogrid(url: http://thebiogrid.org/ ,pmid: http://thebiogrid.org/);GO Semantic Similarity: 0.290236;
rl;P40417;FBgn0003256;D. melanogaster;Mediator;RTK(core);cic;Q9U1H0;FBgn0262582;D. melanogaster;Transcription factor;RTK(core);Interaction between pathway members;PPI directed;direct;stimulation;17255944|17255944|21036869|20542890;DROID(url: http://www.droidb.org/ ,pmid: 21036869), Signalink 2.0 (manual curation)(url: http://signalink.org ,pmid: http://signalink.org);GO Semantic Similarity: 0.223133, GO Semantic Similarity: 0.223133;
pnt;P51023;FBgn0003118;D. melanogaster;;RTK(core);aop;Q01842;FBgn0000097;D. melanogaster;Transcription factor;RTK(core);Interaction between pathway members;PPI directed;direct;stimulation;16362034|11937027|10655223|11937027|10655223|20542890|21071413;Signalink 2.0 (manual curation)(url: http://signalink.org ,pmid: 20542890), Biogrid(url: http://thebiogrid.org/ ,pmid: http://thebiogrid.org/);GO Semantic Similarity: 0.281493, GO Semantic Similarity: 0.281493;
bnl;Q9VDT9;FBgn0014135;D. melanogaster;;RTK(core);btl;Q09147;FBgn0005592;D. melanogaster;;RTK(core);Interaction between pathway members;PPI directed;direct;stimulation;11835274|20542890;Signalink 2.0 (manual curation)(url: http://signalink.org ,pmid: 20542890);GO Semantic Similarity: 0.380503;
sty;O44783;FBgn0014388;D. melanogaster;Co-factor;RTK(non-core);drk;Q08012;FBgn0004638;D. melanogaster;Mediator;RTK(core);Interaction between pathway members;PPI directed;direct;stimulation;10089881|20542890;Signalink 2.0 (manual curation)(url: http://signalink.org ,pmid: 20542890);GO Semantic Similarity: 0.290236;
sty;O44783;FBgn0014388;D. melanogaster;Co-factor;RTK(non-core);Gap1;P48423;FBgn0004390;D. melanogaster;;RTK(non-core);Interaction between pathway members;PPI directed;direct;stimulation;10089881|10226010|21071413|20542890;Biogrid(url: http://thebiogrid.org/ ,pmid: 21071413), Signalink 2.0 (manual curation)(url: http://signalink.org ,pmid: http://signalink.org);GO Semantic Similarity: 0.304016;
tws;P36872;FBgn0004889;D. melanogaster;Co-factor;RTK(non-core);Akt1;Q8INB9;FBgn0010379;D. melanogaster;Co-factor;RTK(core);Interaction between pathway members;PPI directed;direct;stimulation;20001959|20542890;Signalink 2.0 (manual curation)(url: http://signalink.org ,pmid: 20542890);GO Semantic Similarity: 0.174263;
phl;P11346;FBgn0003079;D. melanogaster;Mediator;RTK(core);Dsor1;Q24324;FBgn0010269;D. melanogaster;Mediator;RTK(core);Interaction between pathway members;PPI directed;direct;stimulation;9136016|8381718|8013459|9136016|11014822|7958887|9927462|16600911|9814705|22028469|20542890|21036869|21071413;Signalink 2.0 (manual curation)(url: http://signalink.org ,pmid: 20542890), DROID(url: http://www.droidb.org/ ,pmid: http://www.droidb.org/), Biogrid(url: http://thebiogrid.org/ ,pmid: http://thebiogrid.org/);GO Semantic Similarity: 0.290236, GO Semantic Similarity: 0.290236;
Dsor1;Q24324;FBgn0010269;D. melanogaster;Mediator;RTK(core);rl;P40417;FBgn0003256;D. melanogaster;Mediator;RTK(core);Interaction between pathway members;PPI directed;direct;stimulation;8722784|10511556|9927462|8722784|10511556|9927462|8722784|20542890|21071413;Signalink 2.0 (manual curation)(url: http://signalink.org ,pmid: 20542890), Biogrid(url: http://thebiogrid.org/ ,pmid: http://thebiogrid.org/);GO Semantic Similarity: 0.217242;
wit;Q9NGX8;FBgn0024179;D. melanogaster;Receptor;TGF(core);tkv;Q7KTP1;FBgn0003716;D. melanogaster;Receptor;TGF(core);Interaction between pathway members;PPI directed;direct;stimulation;10357889|20542890;Signalink 2.0 (manual curation)(url: http://signalink.org ,pmid: 20542890);GO Semantic Similarity: 0.217242;
Mad;P42003;FBgn0011648;D. melanogaster;Mediator,Transcription factor;TGF(core);Med;Q9U010;FBgn0011655;D. melanogaster;Mediator;TGF(core);Interaction between pathway members;PPI directed;direct;stimulation;10357889|9502724|9502724|20542890|21036869;Signalink 2.0 (manual curation)(url: http://signalink.org ,pmid: 20542890), DROID(url: http://www.droidb.org/ ,pmid: http://www.droidb.org/);GO Semantic Similarity: 0.308959;
Pi3K92E;P91634;FBgn0015279;D. melanogaster;Mediator;RTK(core);Pdk1;Q9W0V1;FBgn0020386;D. melanogaster;Mediator;RTK(core);Interaction between pathway members;PPI directed;direct;stimulation;11943559|11344272|11344272|20542890|21071413;Signalink 2.0 (manual curation)(url: http://signalink.org ,pmid: 20542890), Biogrid(url: http://thebiogrid.org/ ,pmid: http://thebiogrid.org/);GO Semantic Similarity: 0.236485;
Akt1;Q8INB9;FBgn0010379;D. melanogaster;Co-factor;RTK(core);foxo;Q95V55;FBgn0038197;D. melanogaster;Transcription factor;RTK(core);Interaction between pathway members;PPI directed;direct;stimulation;12893776|12893776|12908874|21036869|20542890;DROID(url: http://www.droidb.org/ ,pmid: 21036869), Signalink 2.0 (manual curation)(url: http://signalink.org ,pmid: http://signalink.org);GO Semantic Similarity: 0.242699, GO Semantic Similarity: 0.242699;
Axn;Q9V407;FBgn0026597;D. melanogaster;Mediator;WNT/Wingless(core);arm;P18824;FBgn0000117;D. melanogaster;;WNT/Wingless(core);Interaction between pathway members;PPI directed;direct;stimulation;10838083|11493532|21071413|20542890;Biogrid(url: http://thebiogrid.org/ ,pmid: 21071413), Signalink 2.0 (manual curation)(url: http://signalink.org ,pmid: http://signalink.org);GO Semantic Similarity: 0.253908;
arm;P18824;FBgn0000117;D. melanogaster;;WNT/Wingless(core);pan;P91943;FBgn0085432;D. melanogaster;Mediator,Transcription factor;WNT/Wingless(core);Interaction between pathway members;PPI directed;indirect;stimulation;15768032|9783586|10924470|11258709|17113388|17113272|9751710|17113388|21036869|20542890|21071413;DROID(url: http://www.droidb.org/ ,pmid: 21036869), Signalink 2.0 (manual curation)(url: http://signalink.org ,pmid: http://signalink.org), Biogrid(url: http://thebiogrid.org/ ,pmid: http://thebiogrid.org/);GO Semantic Similarity: 0.275628, GO Semantic Similarity: 0.275628;
hh;Q02936;FBgn0004644;D. melanogaster;Ligand ,Transcription factor;Hedgehog(core);ptc;P18502;FBgn0003892;D. melanogaster;Receptor;Hedgehog(core);Interaction between pathway members;PPI directed;direct;stimulation;15803137|7958947|8846898|9093856|11112325|9598354|10769240|12015301|8575316|7958947|8846898|9093856|11112325|9598354|10769240|12015301|8575316|20542890|21071413;Signalink 2.0 (manual curation)(url: http://signalink.org ,pmid: 20542890), Biogrid(url: http://thebiogrid.org/ ,pmid: http://thebiogrid.org/);GO Semantic Similarity: 0.30015;
ptc;P18502;FBgn0003892;D. melanogaster;Receptor;Hedgehog(core);smo;P91682;FBgn0003444;D. melanogaster;Mediator;Hedgehog(core),TGF(core);Interaction between pathway members;PPI directed;direct;stimulation;14556242|11934850|9598354|11112325|11934850|9598354|11112325|20542890|21071413;Signalink 2.0 (manual curation)(url: http://signalink.org ,pmid: 20542890), Biogrid(url: http://thebiogrid.org/ ,pmid: http://thebiogrid.org/);GO Semantic Similarity: 0.285986;
Dl;P10041;FBgn0000463;D. melanogaster;Endocytosis related ,Co-factor,Transcription factor;Notch(core);N;P07207;FBgn0004647;D. melanogaster;Endocytosis related ,Receptor,Transcription factor;Notch(core);Interaction between pathway members;PPI directed;direct;stimulation;12651094|2509291|8149916|9334275|8913755|11429287|10683181|11719214|1418999|11799064|8600026|10862754|9778511|12756168|2509291|8149916|9334275|8913755|11429287|10683181|11719214|1418999|11799064|8600026|10862754|9778511|12756168|2338245|2338245|10935637|21036869|20542890|21071413;DROID(url: http://www.droidb.org/ ,pmid: 21036869), Signalink 2.0 (manual curation)(url: http://signalink.org ,pmid: http://signalink.org), Biogrid(url: http://thebiogrid.org/ ,pmid: http://thebiogrid.org/);GO Semantic Similarity: 0.424867, GO Semantic Similarity: 0.424867;
kuz;Q59DZ3;FBgn0259984;D. melanogaster;Co-factor;Notch(non-core);N;P07207;FBgn0004647;D. melanogaster;Endocytosis related ,Receptor,Transcription factor;Notch(core);Interaction between pathway members;PPI directed;predicted to be direct;stimulation;9428413|9428413|9244301|9872749|11799064|9428413|9244301|9872749|11799064|20542890|21071413;Signalink 2.0 (manual curation)(url: http://signalink.org ,pmid: 20542890), Biogrid(url: http://thebiogrid.org/ ,pmid: http://thebiogrid.org/);GO Semantic Similarity: 0.292941;
N;P07207;FBgn0004647;D. melanogaster;Endocytosis related ,Receptor,Transcription factor;Notch(core);Su(H);P28159;FBgn0004837;D. melanogaster;Transcription factor;Notch(core);Interaction between pathway members;PPI directed;direct;stimulation;9892565|11071771|10588874|10353901|8742832|12781136|11719214|7954795|9857191|8913755|9334275|10903180|11071771|10588874|10353901|8742832|12781136|11719214|7954795|9857191|8913755|9334275|10903180|7954795|21765394|15668164|8749394|15710747|20542890|21036869|21071413;Signalink 2.0 (manual curation)(url: http://signalink.org ,pmid: 20542890), DROID(url: http://www.droidb.org/ ,pmid: http://www.droidb.org/), Biogrid(url: http://thebiogrid.org/ ,pmid: http://thebiogrid.org/);GO Semantic Similarity: 0.31443;
Cbl;O46034;FBgn0020224;D. melanogaster;Co-factor;RTK(non-core);Egfr;P04412;FBgn0003731;D. melanogaster;Receptor;RTK(core);Interaction between pathway members;PPI directed;direct;stimulation;16123311|20542890;Signalink 2.0 (manual curation)(url: http://signalink.org ,pmid: 20542890);GO Semantic Similarity: 0.304016, GO Semantic Similarity: 0.304016;
csw;P29349;FBgn0000382;D. melanogaster;Co-factor;RTK(non-core);dos;Q9VZZ9;FBgn0016794;D. melanogaster;Mediator;RTK(non-core);Interaction between pathway members;PPI directed;indirect;stimulation;8681384|11014820|8681384|10601017|11014820|8681384|10601017|9582352|22028469|20542890|21036869|21071413;Signalink 2.0 (manual curation)(url: http://signalink.org ,pmid: 20542890), DROID(url: http://www.droidb.org/ ,pmid: http://www.droidb.org/), Biogrid(url: http://thebiogrid.org/ ,pmid: http://thebiogrid.org/);GO Semantic Similarity: 0.280678, GO Semantic Similarity: 0.280678;
Sos;P26675;FBgn0001965;D. melanogaster;Mediator;RTK(core);Ras85D;P08646;FBgn0003205;D. melanogaster;Mediator;RTK(core);Interaction between pathway members;PPI directed;direct;stimulation;1736363|20542890;Signalink 2.0 (manual curation)(url: http://signalink.org ,pmid: 20542890);GO Semantic Similarity: 0.290236;
vap;Q8T9B1;FBgn0003969;D. melanogaster;Co-factor;RTK(non-core);Ras85D;P08646;FBgn0003205;D. melanogaster;Mediator;RTK(core);Interaction between pathway members;PPI directed;indirect;stimulation;12529440|20542890;Signalink 2.0 (manual curation)(url: http://signalink.org ,pmid: 20542890);GO Semantic Similarity: 0.174263;
cnk;Q7KNQ9;FBgn0021818;D. melanogaster;Co-factor;RTK(non-core);phl;P11346;FBgn0003079;D. melanogaster;Mediator;RTK(core);Interaction between pathway members;PPI directed;indirect;stimulation;10557308|11063697|9814705|20542890|21071413;Signalink 2.0 (manual curation)(url: http://signalink.org ,pmid: 20542890), Biogrid(url: http://thebiogrid.org/ ,pmid: http://thebiogrid.org/);GO Semantic Similarity: 0.2876, GO Semantic Similarity: 0.2876;
ksr;Q8ISD7;FBgn0015402;D. melanogaster;Co-factor;RTK(non-core);phl;P11346;FBgn0003079;D. melanogaster;Mediator;RTK(core);Interaction between pathway members;PPI directed;indirect;unknown;11063697|22028469|22028469|20542890|21036869;Signalink 2.0 (manual curation)(url: http://signalink.org ,pmid: 20542890), DROID(url: http://www.droidb.org/ ,pmid: http://www.droidb.org/);GO Semantic Similarity: 0.290236;
Wnt2;P28465;FBgn0004360;D. melanogaster;Ligand ;WNT/Wingless(core);fz2;Q9VVX3;FBgn0016797;D. melanogaster;Receptor;WNT/Wingless(core);Interaction between pathway members;PPI directed;direct;stimulation;12205098|21036869|20542890;DROID(url: http://www.droidb.org/ ,pmid: 21036869), Signalink 2.0 (manual curation)(url: http://signalink.org ,pmid: http://signalink.org);GO Semantic Similarity: 0.190883, GO Semantic Similarity: 0.190883;
nmo;Q23994;FBgn0011817;D. melanogaster;Co-factor;TGF(non-core),WNT/Wingless(core);pan;P91943;FBgn0085432;D. melanogaster;Mediator,Transcription factor;WNT/Wingless(core);Interaction between pathway members;PPI directed;direct;stimulation;10391247|20542890;Signalink 2.0 (manual curation)(url: http://signalink.org ,pmid: 20542890);GO Semantic Similarity: 0.207225;
Apc;P91667;FBgn0015589;D. melanogaster;Mediator;WNT/Wingless(core);Axn;Q9V407;FBgn0026597;D. melanogaster;Mediator;WNT/Wingless(core);Interaction between pathway members;PPI directed;direct;stimulation;10921899|20542890;Signalink 2.0 (manual curation)(url: http://signalink.org ,pmid: 20542890);GO Semantic Similarity: 0.1948;
wg;P09615;FBgn0004009;D. melanogaster;Ligand ,Transcription factor;WNT/Wingless(core);fz2;Q9VVX3;FBgn0016797;D. melanogaster;Receptor;WNT/Wingless(core);Interaction between pathway members;PPI directed;direct;stimulation;12205098|9671581|10477304|10996794|9875856|9875855|10556068|11274052|9671581|10477304|10996794|9875856|9875855|10556068|11274052|9671581|21036869|20542890|21071413;DROID(url: http://www.droidb.org/ ,pmid: 21036869), Signalink 2.0 (manual curation)(url: http://signalink.org ,pmid: http://signalink.org), Biogrid(url: http://thebiogrid.org/ ,pmid: http://thebiogrid.org/);GO Semantic Similarity: 0.2723;
Wnt2;P28465;FBgn0004360;D. melanogaster;Ligand ;WNT/Wingless(core);arr;A1Z9D7;FBgn0000119;D. melanogaster;Receptor;WNT/Wingless(core);Interaction between pathway members;PPI directed;direct;stimulation;11029007|20542890;Signalink 2.0 (manual curation)(url: http://signalink.org ,pmid: 20542890);GO Semantic Similarity: 0.190883;
sgg;P18431;FBgn0003371;D. melanogaster;Mediator,Co-factor;RTK(core),Hedgehog(core),WNT/Wingless(core);arr;A1Z9D7;FBgn0000119;D. melanogaster;Receptor;WNT/Wingless(core);Interaction between pathway members;PPI directed;direct;stimulation;16340998|20542890;Signalink 2.0 (manual curation)(url: http://signalink.org ,pmid: 20542890);GO Semantic Similarity: 0.180603;
Axn;Q9V407;FBgn0026597;D. melanogaster;Mediator;WNT/Wingless(core);dco;O76324;FBgn0002413;D. melanogaster;Co-factor;WNT/Wingless(core);Interaction between pathway members;PPI directed;direct;stimulation;11036939|20542890;Signalink 2.0 (manual curation)(url: http://signalink.org ,pmid: 20542890);GO Semantic Similarity: 0.174737;
CkIalpha;P54367;FBgn0015024;D. melanogaster;Co-factor;Hedgehog(core),WNT/Wingless(core);arm;P18824;FBgn0000117;D. melanogaster;;WNT/Wingless(core);Interaction between pathway members;PPI directed;direct;stimulation;14966281|20542890;Signalink 2.0 (manual curation)(url: http://signalink.org ,pmid: 20542890);GO Semantic Similarity: 0.174737;
